Title,Type,Season,Total Episodes,Watched Episodes,Status,Score,Start Date,Finish Date,Times Watched,Rewatching,Priority,Tags,Comments
"""Omae Gotoki ga Maou ni Kateru to Omouna"" to Yuusha Party wo Tsuihou sareta node, Outo de Kimama ni Kurashitai",TV,,12,3,Dropped,2,0000-00-00,0000-00-00,0,0,LOW,,
100-man no Inochi no Ue ni Ore wa Tatteiru,TV,,12,7,Dropped,2,0000-00-00,0000-00-00,0,0,LOW,isekai,
29-sai Dokushin Chuuken Boukensha no Nichijou,TV,,12,3,Dropped,0,0000-00-00,0000-00-00,0,0,LOW,,
"A-Rank Party wo Ridatsu shita Ore wa, Moto Oshiego-tachi to Meikyuu Shinbu wo Mezasu.",TV,,24,8,Dropped,0,0000-00-00,0000-00-00,0,0,LOW,,
AI no Idenshi,TV,,12,1,Dropped,0,0000-00-00,0000-00-00,0,0,LOW,,
Akagami no Shirayuki-hime,TV,,12,0,Plan to Watch,0,0000-00-00,0000-00-00,0,0,LOW,,
Akujiki Reijou to Kyouketsu Koushaku,TV,,12,12,Completed,5,0000-00-00,2025-12-18,0,0,LOW,,
Akuyaku Reijou Level 99: Watashi wa Ura-Boss desu ga Maou dewa Arimasen,TV,,12,12,Completed,7,0000-00-00,0000-00-00,0,0,LOW,isekai,
Akuyaku Reijou nanode Last Boss wo Kattemimashita,TV,,12,0,Dropped,0,0000-00-00,0000-00-00,0,0,LOW,isekai,
Akuyaku Reijou Tensei Ojisan,TV,,12,5,Dropped,0,0000-00-00,0000-00-00,0,0,LOW,isekai,
Ansatsu Kyoushitsu,TV,,22,22,Completed,6,0000-00-00,0000-00-00,0,0,LOW,,
Ansatsusha de Aru Ore no Status ga Yuusha yori mo Akiraka ni Tsuyoi no da ga,TV,,12,12,Completed,6,0000-00-00,2025-12-22,0,0,LOW,,
Ao no Exorcist,TV,,25,0,Dropped,0,0000-00-00,0000-00-00,0,0,LOW,,
Apocalypse Hotel,TV,,12,4,Dropped,0,0000-00-00,0000-00-00,0,0,LOW,,
Arifureta Shokugyou de Sekai Saikyou,TV,,13,13,Completed,7,0000-00-00,0000-00-00,0,0,LOW,isekai,
Arifureta Shokugyou de Sekai Saikyou 2nd Season,TV,,12,0,Plan to Watch,0,0000-00-00,0000-00-00,0,0,LOW,isekai,
Arifureta Shokugyou de Sekai Saikyou Season 3,TV,,16,0,Plan to Watch,0,0000-00-00,0000-00-00,0,0,LOW,,
Around 40 Otoko no Isekai Tsuuhan,TV,,13,13,Completed,3,0000-00-00,0000-00-00,0,0,LOW,isekai,
Ars no Kyojuu,TV,,12,2,Dropped,0,0000-00-00,0000-00-00,0,0,LOW,,
Ashita no Joe,TV,,79,10,Dropped,6,0000-00-00,0000-00-00,0,0,LOW,,
Ashita no Joe 2,TV,,47,0,Dropped,0,0000-00-00,0000-00-00,0,0,LOW,,
Übel Blatt,TV,,12,4,Dropped,0,0000-00-00,0000-00-00,0,0,LOW,,
Back Street Girls: Gokudolls,TV,,10,0,Dropped,0,0000-00-00,0000-00-00,0,0,LOW,,
Bakuman.,TV,,25,25,Completed,8,0000-00-00,0000-00-00,0,0,LOW,,
Bakuman. 2nd Season,TV,,25,25,Completed,8,0000-00-00,0000-00-00,0,0,LOW,,
Bakuman. 3rd Season,TV,,25,25,Completed,8,0000-00-00,0000-00-00,0,0,LOW,,
Basilisk: Kouga Ninpou Chou,TV,,24,24,Completed,4,0000-00-00,0000-00-00,0,0,LOW,,
Beelzebub,TV,,60,45,Dropped,6,0000-00-00,0000-00-00,0,0,LOW,,
"Benriya Saitou-san, Isekai ni Iku",TV,,12,12,Completed,7,0000-00-00,0000-00-00,0,0,LOW,isekai,
Berserk,TV,,12,12,Completed,1,0000-00-00,0000-00-00,0,0,LOW,,
Berserk 2nd Season,TV,,12,12,Completed,1,0000-00-00,0000-00-00,0,0,LOW,,
Black Clover,TV,,170,170,Completed,5,0000-00-00,0000-00-00,0,0,LOW,,
Bleach,TV,,366,178,Dropped,4,0000-00-00,0000-00-00,0,0,LOW,,
Blood Lad,TV,,10,10,Completed,6,0000-00-00,0000-00-00,0,0,LOW,,
Boku no Hero Academia,TV,,13,13,Completed,6,0000-00-00,0000-00-00,0,0,LOW,,
Boku no Hero Academia 2nd Season,TV,,25,25,Completed,6,0000-00-00,0000-00-00,0,0,LOW,,
Boku no Hero Academia 3rd Season,TV,,25,18,Dropped,5,0000-00-00,0000-00-00,0,0,LOW,,
Bokura no Ame-iro Protocol,TV,,12,1,Dropped,0,0000-00-00,0000-00-00,0,0,LOW,,
Bokutachi no Remake,TV,,12,1,Dropped,4,0000-00-00,0000-00-00,0,0,LOW,,
"Botsuraku Yotei no Kizoku dakedo, Hima Datta kara Mahou wo Kiwametemita",TV,,12,5,Dropped,0,0000-00-00,0000-00-00,0,0,LOW,isekai,
Boukensha ni Naritai to Miyako ni Deteitta Musume ga S-Rank ni Natteta,TV,,13,13,Completed,5,0000-00-00,0000-00-00,0,0,LOW,,
Boushoku no Berserk,TV,,12,12,Completed,6,2023-10-01,0000-00-00,0,0,LOW,,
Busamen Gachi Fighter,TV,,12,12,Completed,5,0000-00-00,0000-00-00,0,0,LOW,,
Buta no Liver wa Kanetsu Shiro,TV,,12,3,Dropped,2,0000-00-00,0000-00-00,0,0,LOW,isekai,
"Bye Bye, Earth",TV,,10,0,Plan to Watch,0,0000-00-00,0000-00-00,0,0,LOW,,
Chainsaw Man,TV,,12,12,Completed,9,0000-00-00,0000-00-00,0,0,LOW,,
Champignon no Majo,TV,,12,2,Dropped,0,0000-00-00,0000-00-00,0,0,LOW,,
Cheat Kusushi no Slow Life: Isekai ni Tsukurou Drugstore,TV,,12,1,Dropped,1,0000-00-00,0000-00-00,0,0,LOW,isekai,
Chi. Chikyuu no Undou ni Tsuite,TV,,25,0,Plan to Watch,0,0000-00-00,0000-00-00,0,0,LOW,,
"Chichi wa Eiyuu, Haha wa Seirei, Musume no Watashi wa Tenseisha.",TV,,12,12,Completed,5,0000-00-00,2025-12-21,0,0,LOW,isekai,
Chiyu Mahou no Machigatta Tsukaikata,TV,,13,13,Completed,8,0000-00-00,0000-00-00,0,0,LOW,isekai,
Choujin Koukousei-tachi wa Isekai demo Yoyuu de Ikinuku you desu!,TV,,12,12,Completed,4,0000-00-00,0000-00-00,0,0,LOW,isekai,
Claymore,TV,,26,4,Dropped,4,0000-00-00,0000-00-00,0,0,LOW,,
Clevatess: Majuu no Ou to Akago to Shikabane no Yuusha,TV,,12,12,Completed,8,0000-00-00,0000-00-00,0,0,LOW,,
Cowboy Bebop,TV,,26,26,Completed,6,0000-00-00,0000-00-00,0,0,LOW,,
Cyberpunk: Edgerunners,ONA,,10,10,Completed,9,0000-00-00,0000-00-00,0,0,LOW,,
D.Gray-man,TV,,103,103,Completed,6,0000-00-00,0000-00-00,0,0,LOW,,
Dead Account,TV,,12,0,Plan to Watch,0,0000-00-00,0000-00-00,0,0,LOW,,
Dead Mount Death Play,TV,,12,7,Dropped,3,0000-00-00,0000-00-00,0,0,LOW,isekai,
Death March kara Hajimaru Isekai Kyousoukyoku,TV,,12,12,Completed,1,0000-00-00,0000-00-00,0,0,LOW,isekai,
Death Note,TV,,37,37,Completed,7,0000-00-00,0000-00-00,0,0,LOW,,
Death Parade,TV,,12,12,Completed,7,0000-00-00,0000-00-00,0,0,LOW,,
Debu to Love to Ayamachi to!,TV,,12,1,Dropped,0,0000-00-00,0000-00-00,0,0,LOW,,
Dekin no Mogura,TV,,12,2,Dropped,0,0000-00-00,0000-00-00,0,0,LOW,,
Dekisokonai to Yobareta Motoeiyuu wa Jikka kara Tsuihou sareta node Sukikatte ni Ikiru Koto ni Shita,TV,,12,6,Dropped,3,0000-00-00,0000-00-00,0,0,LOW,,
Dekoboko Majo no Oyako Jijou,TV,,12,1,Dropped,2,0000-00-00,0000-00-00,0,0,LOW,,
Densetsu no Yuusha no Densetsu,TV,,24,24,Completed,6,0000-00-00,0000-00-00,0,0,LOW,,
Dimension W,TV,,12,12,Completed,4,0000-00-00,0000-00-00,0,0,LOW,,
Dogulwang,TV,,12,1,Watching,0,0000-00-00,0000-00-00,0,0,LOW,,
Dr. Stone,TV,,24,24,Completed,7,0000-00-00,0000-00-00,0,0,LOW,,
Dr. Stone: New World,TV,,11,11,Completed,8,0000-00-00,0000-00-00,0,0,LOW,,
Dr. Stone: New World Part 2,TV,,11,11,Completed,6,0000-00-00,0000-00-00,0,0,LOW,,
Dr. Stone: Ryuusui,TV Special,,1,1,Completed,8,0000-00-00,0000-00-00,0,0,LOW,,
Dr. Stone: Science Future,TV,,12,12,Completed,6,0000-00-00,0000-00-00,0,0,LOW,,
Dr. Stone: Science Future Part 2,TV,,12,2,Dropped,0,0000-00-00,0000-00-00,0,0,LOW,,
Dr. Stone: Stone Wars,TV,,11,11,Completed,8,0000-00-00,0000-00-00,0,0,LOW,,
Dragon Ball,TV,,153,153,Completed,9,0000-00-00,0000-00-00,0,0,LOW,,
Dragon Ball GT,TV,,64,64,Completed,5,0000-00-00,0000-00-00,0,0,LOW,,
Dragon Ball Super,TV,,131,131,Completed,9,0000-00-00,0000-00-00,0,0,LOW,"anyme, anymeapp.com",
Dragon Ball Z,TV,,291,291,Completed,9,0000-00-00,0000-00-00,0,0,LOW,,
Dragon Ball: Episode of Bardock,Special,,1,1,Completed,6,0000-00-00,0000-00-00,0,0,LOW,,
Drifters,TV,,12,12,Completed,8,0000-00-00,2018-04-14,0,0,LOW,isekai,
Drifters (OVA),OVA,,2,2,Completed,8,0000-00-00,0000-00-00,0,0,LOW,,
Dungeon Meshi,TV,,24,12,On-Hold,0,0000-00-00,0000-00-00,0,0,LOW,,
Dungeon ni Deai wo Motomeru no wa Machigatteiru Darou ka,TV,,13,4,Dropped,0,0000-00-00,0000-00-00,0,0,LOW,,
Dungeon ni Deai wo Motomeru no wa Machigatteiru Darou ka Gaiden: Sword Oratoria,TV,,12,0,Dropped,0,0000-00-00,0000-00-00,0,0,LOW,,
Durarara!!,TV,,24,0,Dropped,0,0000-00-00,0000-00-00,0,0,LOW,,
Edens Zero,TV,,25,4,Dropped,3,0000-00-00,0000-00-00,0,0,LOW,,
Eiyuu Kyoushitsu,TV,,12,3,Dropped,3,0000-00-00,0000-00-00,0,0,LOW,,
Elfen Lied,TV,,13,0,Dropped,0,0000-00-00,0000-00-00,0,0,LOW,,
Ergo Proxy,TV,,23,3,Dropped,2,0000-00-00,0000-00-00,0,0,LOW,,
Eris no Seihai,TV,,12,2,Dropped,0,0000-00-00,0000-00-00,0,0,LOW,,
Ex-Arm,TV,,12,1,Dropped,1,0000-00-00,0000-00-00,0,0,LOW,,
Fairy Tail,TV,,175,65,Dropped,4,0000-00-00,0000-00-00,0,0,LOW,,
Fairy Tail (2014),TV,,102,60,Dropped,4,0000-00-00,0000-00-00,0,0,LOW,,
Fate/Zero,TV,,13,0,Dropped,0,0000-00-00,0000-00-00,0,0,LOW,,
"Fuguushoku ""Kanteishi"" ga Jitsu wa Saikyou Datta",TV,,12,4,Dropped,0,0000-00-00,0000-00-00,0,0,LOW,,
Fullmetal Alchemist,TV,,51,0,Dropped,4,0000-00-00,0000-00-00,0,0,LOW,,
Fullmetal Alchemist: Brotherhood,TV,,64,64,Completed,2,0000-00-00,0000-00-00,0,0,LOW,,
Fumetsu no Anata e,TV,,20,3,Dropped,0,0000-00-00,0000-00-00,0,0,LOW,,
Futari Solo Camp,TV,,24,3,Dropped,4,0000-00-00,0000-00-00,0,0,LOW,,
Gachiakuta,TV,,24,8,Dropped,5,0000-00-00,0000-00-00,0,0,LOW,,
"Gaikotsu Kishi-sama, Tadaima Isekai e Odekakechuu",TV,,12,12,Completed,5,0000-00-00,0000-00-00,0,0,LOW,isekai,
"Gaikotsu Kishi-sama, Tadaima Isekai e Odekakechuu II",TV,,12,0,Plan to Watch,0,0000-00-00,0000-00-00,0,0,LOW,,
Gake no Ue no Ponyo,Movie,,1,1,Completed,7,0000-00-00,0000-00-00,0,0,LOW,,
Ganglion,TV,,24,13,Dropped,7,0000-00-00,0000-00-00,0,0,LOW,,
Gantz,TV,,13,13,Completed,8,0000-00-00,0000-00-00,0,0,LOW,,
Gantz 2nd Stage,TV,,13,13,Completed,8,0000-00-00,0000-00-00,0,0,LOW,,
"Gate: Jieitai Kanochi nite, Kaku Tatakaeri",TV,,12,12,Completed,7,0000-00-00,0000-00-00,0,0,LOW,isekai,
"Gate: Jieitai Kanochi nite, Kaku Tatakaeri Part 2",TV,,12,12,Completed,7,0000-00-00,0000-00-00,0,0,LOW,isekai,
Gekai Elise,TV,,12,8,Dropped,0,0000-00-00,0000-00-00,0,0,LOW,isekai,
Genjitsu Shugi Yuusha no Oukoku Saikenki,TV,,13,13,Completed,7,0000-00-00,0000-00-00,0,0,LOW,isekai,
Genjitsu Shugi Yuusha no Oukoku Saikenki Part 2,TV,,13,13,Completed,6,0000-00-00,0000-00-00,0,0,LOW,isekai,
Gnosia,TV,,21,3,Dropped,4,0000-00-00,0000-00-00,0,0,LOW,,
Goblin Slayer,TV,,12,12,Completed,7,0000-00-00,0000-00-00,0,0,LOW,,
Goblin Slayer II,TV,,12,12,Completed,7,0000-00-00,0000-00-00,0,0,LOW,,
Goblin Slayer: Goblin's Crown,Movie,,1,1,Completed,7,0000-00-00,0000-00-00,0,0,LOW,,
Golden Time,TV,,24,24,Completed,6,0000-00-00,0000-00-00,0,0,LOW,,
Gorilla no Kami kara Kago sareta Reijou wa Ouritsu Kishidan de Kawaigarareru,TV,,12,12,Completed,5,0000-00-00,0000-00-00,0,0,LOW,,
Grancrest Senki,TV,,24,9,Dropped,0,0000-00-00,0000-00-00,0,0,LOW,,
Great Teacher Onizuka,TV,,43,43,Completed,10,0000-00-00,0000-00-00,0,0,LOW,,
"Guild no Uketsukejou desu ga, Zangyou wa Iya nanode Boss wo Solo Toubatsu Shiyou to Omoimasu",TV,,12,12,Completed,6,0000-00-00,0000-00-00,0,0,LOW,,
"Hachi-nan tte, Sore wa Nai deshou!",TV,,12,3,Dropped,0,0000-00-00,0000-00-00,0,0,LOW,isekai,
Hagure Yuusha no Aesthetica,TV,,12,5,Dropped,5,0000-00-00,0000-00-00,0,0,LOW,,
Hai to Gensou no Grimgar,TV,,12,12,Completed,5,0000-00-00,0000-00-00,0,0,LOW,isekai,
Hajime no Ippo,TV,,75,75,Completed,7,0000-00-00,0000-00-00,0,0,LOW,,
Hajime no Ippo: New Challenger,TV,,26,26,Completed,7,0000-00-00,0000-00-00,0,0,LOW,,
Hajime no Ippo: Rising,TV,,25,25,Completed,7,0000-00-00,0000-00-00,0,0,LOW,,
Hametsu no Oukoku,TV,,12,12,Completed,5,0000-00-00,0000-00-00,0,0,LOW,,
Handa-kun,TV,,12,12,Completed,7,0000-00-00,0000-00-00,0,0,LOW,,
Hataage! Kemono Michi,TV,,12,8,Dropped,0,0000-00-00,0000-00-00,0,0,LOW,isekai,
Hataraku Maou-sama!,TV,,13,13,Completed,7,0000-00-00,0000-00-00,0,0,LOW,isekai,
Hataraku Maou-sama!!,TV,,12,12,Completed,5,0000-00-00,0000-00-00,0,0,LOW,isekai,
Hataraku Maou-sama!! 2nd Season,TV,,12,0,Plan to Watch,0,0000-00-00,0000-00-00,0,0,LOW,,
"Hazure Skill ""Kinomi Master"": Skill no Mi (Tabetara Shinu) wo Mugen ni Taberareru You ni Natta Ken ni Tsuite",TV,,12,7,Dropped,0,0000-00-00,0000-00-00,0,0,LOW,,
"Hazurewaku no ""Joutai Ijou Skill"" de Saikyou ni Natta Ore ga Subete wo Juurin suru made",TV,,12,12,Completed,7,0000-00-00,0000-00-00,0,0,LOW,isekai,
Helck,TV,,24,24,Completed,5,0000-00-00,0000-00-00,0,0,LOW,,
Hell Mode: Yarikomizuki no Gamer wa Hai Settei no Isekai de Musou suru,TV,,12,12,Completed,6,0000-00-00,2026-04-18,0,0,LOW,isekai,
Hell Mode: Yarikomizuki no Gamer wa Hai Settei no Isekai de Musou suru 2nd Season,TV,,0,3,Watching,0,0000-00-00,0000-00-00,0,0,LOW,,
Higeki no Genkyou to Naru Saikyou Gedou Last Boss Joou wa Tami no Tame ni Tsukushimasu.,TV,,12,4,Dropped,4,0000-00-00,0000-00-00,0,0,LOW,isekai,
Hikari no Ou,TV,,10,1,Dropped,3,0000-00-00,0000-00-00,0,0,LOW,,
Himekishi wa Barbaroi no Yome,TV,,12,4,Dropped,0,0000-00-00,0000-00-00,0,0,LOW,,
"Himesama ""Goumon"" no Jikan desu",TV,,12,2,Dropped,0,0000-00-00,0000-00-00,0,0,LOW,,
Hinamatsuri,TV,,12,12,Completed,5,0000-00-00,0000-00-00,0,0,LOW,,
Hitoribocchi no Isekai Kouryaku,TV,,12,12,Completed,6,0000-00-00,0000-00-00,0,0,LOW,isekai,
Hokuto no Ken Movie,Movie,,1,1,Completed,5,0000-00-00,0000-00-00,0,0,LOW,,
Honzuki no Gekokujou: Shisho ni Naru Tame ni wa Shudan wo Erandeiraremasen,TV,,14,14,Completed,5,0000-00-00,0000-00-00,0,0,LOW,isekai,
Hoshi no Samidare,TV,,24,2,Dropped,0,0000-00-00,0000-00-00,0,0,LOW,,
Hoshifuru Oukoku no Nina,TV,,12,1,Dropped,0,0000-00-00,0000-00-00,0,0,LOW,,
Hotel Inhumans,TV,,13,2,Dropped,0,0000-00-00,0000-00-00,0,0,LOW,,
Howl no Ugoku Shiro,Movie,,1,1,Completed,7,0000-00-00,0000-00-00,0,0,LOW,,
Hunter x Hunter (2011),TV,,148,15,Dropped,3,0000-00-00,0000-00-00,0,0,LOW,,
Hyakuren no Haou to Seiyaku no Valkyria,TV,,12,1,Dropped,0,0000-00-00,0000-00-00,0,0,LOW,isekai,
Hyouken no Majutsushi ga Sekai wo Suberu,TV,,12,12,Completed,5,0000-00-00,0000-00-00,0,0,LOW,isekai,
"Ima, Soko ni Iru Boku",TV,,13,0,Plan to Watch,0,0000-00-00,0000-00-00,0,0,LOW,isekai,
Infinite Dendrogram,TV,,13,0,Plan to Watch,0,0000-00-00,0000-00-00,0,0,LOW,isekai,
Inuyashiki,TV,,11,11,Completed,3,0000-00-00,0000-00-00,0,0,LOW,,
Isekai Cheat Magician,TV,,12,12,Completed,4,0000-00-00,0000-00-00,0,0,LOW,isekai,
"Isekai de Cheat Skill wo Te ni Shita Ore wa, Genjitsu Sekai wo mo Musou Suru: Level Up wa Jinsei wo Kaeta",TV,,13,6,Dropped,2,0000-00-00,0000-00-00,0,0,LOW,isekai,
Isekai de Mofumofu Nadenade suru Tame ni Ganbattemasu.,TV,,12,2,Dropped,2,0000-00-00,0000-00-00,0,0,LOW,isekai,
Isekai Maou to Shoukan Shoujo no Dorei Majutsu,TV,,12,12,Completed,7,0000-00-00,0000-00-00,0,0,LOW,isekai,
Isekai Maou to Shoukan Shoujo no Dorei Majutsu Ω,TV,,10,0,Plan to Watch,0,0000-00-00,0000-00-00,0,0,LOW,,
Isekai Meikyuu de Harem wo,TV,,12,4,Dropped,0,0000-00-00,0000-00-00,0,0,LOW,isekai,
Isekai Mokushiroku Mynoghra: Hametsu no Bunmei de Hajimeru Sekai Seifuku,TV,,13,13,Completed,4,0000-00-00,0000-00-00,0,0,LOW,isekai,
Isekai no Sata wa Shachiku Shidai,TV,,12,1,Dropped,1,0000-00-00,0000-00-00,0,0,LOW,isekai,
Isekai no Seikishi Monogatari,OVA,,13,0,Plan to Watch,0,0000-00-00,0000-00-00,0,0,LOW,isekai,
Isekai Nonbiri Nouka,TV,,12,6,Dropped,3,0000-00-00,0000-00-00,0,0,LOW,isekai,
Isekai Ojisan,TV,,13,13,Completed,8,0000-00-00,0000-00-00,0,0,LOW,isekai,
Isekai One Turn Kill Neesan: Ane Douhan no Isekai Seikatsu Hajimemashita,TV,,12,1,Dropped,2,0000-00-00,0000-00-00,0,0,LOW,isekai,
Isekai Shikkaku,TV,,12,3,Dropped,4,0000-00-00,0000-00-00,0,0,LOW,isekai,
Isekai Shokudou,TV,,12,6,Dropped,0,0000-00-00,0000-00-00,0,0,LOW,isekai,
Isekai Shoukan wa Nidome desu,TV,,12,6,Dropped,3,2023-04-08,0000-00-00,0,0,LOW,isekai,
Isekai wa Smartphone to Tomo ni.,TV,,12,12,Completed,1,0000-00-00,0000-00-00,0,0,LOW,isekai,
Isekai Yakkyoku,TV,,12,12,Completed,7,0000-00-00,0000-00-00,0,0,LOW,isekai,
Ishura,TV,,12,2,Dropped,4,0000-00-00,0000-00-00,0,0,LOW,isekai,
Ishuzoku Reviewers,TV,,12,0,Dropped,0,0000-00-00,0000-00-00,0,0,LOW,,
"Isshun de Chiryou shiteita noni Yakutatazu to Tsuihou sareta Tensai Chiyushi, Yami Healer toshite Tanoshiku Ikiru",TV,,12,12,Completed,7,0000-00-00,0000-00-00,0,0,LOW,,
Itai no wa Iya nanode Bougyoryoku ni Kyokufuri Shitai to Omoimasu.,TV,,12,12,Completed,8,0000-00-00,0000-00-00,0,0,LOW,,
Itai no wa Iya nanode Bougyoryoku ni Kyokufuri Shitai to Omoimasu. 2,TV,,12,0,Plan to Watch,0,0000-00-00,0000-00-00,0,0,LOW,,
Ixion Saga DT,TV,,25,3,Dropped,0,0000-00-00,0000-00-00,0,0,LOW,isekai,
Izure Saikyou no Renkinjutsushi?,TV,,12,12,Completed,5,0000-00-00,0000-00-00,0,0,LOW,isekai,
Jidou Hanbaiki ni Umarekawatta Ore wa Meikyuu wo Samayou,TV,,12,12,Completed,5,0000-00-00,0000-00-00,0,0,LOW,isekai,
Jidou Hanbaiki ni Umarekawatta Ore wa Meikyuu wo Samayou 2nd Season,TV,,12,0,Plan to Watch,0,0000-00-00,0000-00-00,0,0,LOW,isekai,
"Jitsu wa Ore, Saikyou deshita?",TV,,12,12,Completed,6,0000-00-00,0000-00-00,0,0,LOW,isekai,
JoJo no Kimyou na Bouken (TV),TV,,26,26,Completed,7,0000-00-00,0000-00-00,0,0,LOW,,
Jujutsu Kaisen,TV,,24,13,Dropped,4,0000-00-00,0000-00-00,0,0,LOW,,
Juuni Kokuki,TV,,45,0,Plan to Watch,0,0000-00-00,0000-00-00,0,0,LOW,isekai,
Kage no Jitsuryokusha ni Naritakute!,TV,,20,20,Completed,8,0000-00-00,0000-00-00,0,0,LOW,isekai,
Kage no Jitsuryokusha ni Naritakute! 2nd Season,TV,,12,12,Completed,8,0000-00-00,0000-00-00,0,0,LOW,isekai,
Kaifuku Jutsushi no Yarinaoshi,TV,,12,8,Dropped,4,0000-00-00,0000-00-00,0,0,LOW,isekai,
Kaijuu 8-gou,TV,,12,12,Completed,8,0000-00-00,0000-00-00,0,0,LOW,,
Kaijuu 8-gou 2nd Season,TV,,11,11,Completed,8,0000-00-00,2025-10-11,0,0,LOW,,
Kaiko sareta Ankoku Heishi (30-dai) no Slow na Second Life,TV,,12,12,Completed,6,0000-00-00,0000-00-00,0,0,LOW,,
Kami-tachi ni Hirowareta Otoko,TV,,12,0,Plan to Watch,0,0000-00-00,0000-00-00,0,0,LOW,,
Kamierabi,TV,,12,1,Dropped,1,0000-00-00,0000-00-00,0,0,LOW,,
Kaminaki Sekai no Kamisama Katsudou,TV,,12,2,Dropped,2,0000-00-00,0000-00-00,0,0,LOW,isekai,
Kamitsubaki-shi Kensetsuchuu.,TV,,12,1,Dropped,0,0000-00-00,0000-00-00,0,0,LOW,,
"Kanchigai no Atelier Meister: Eiyuu Party no Moto Zatsuyougakari ga, Jitsu wa Sentou Igai ga SSS Rank Datta to Iu Yoku Aru Hanashi",TV,,12,12,Completed,6,0000-00-00,0000-00-00,0,0,LOW,,
Kanpekisugite Kawaige ga Nai to Konyaku Haki sareta Seijo wa Ringoku ni Urareru,TV,,12,12,Completed,7,0000-00-00,0000-00-00,0,0,LOW,,
"Katainaka no Ossan, Kensei ni Naru",TV,,12,12,Completed,9,0000-00-00,0000-00-00,0,0,LOW,,
"Katainaka no Ossan, Kensei ni Naru II",TV,,0,0,Plan to Watch,0,0000-00-00,0000-00-00,0,0,LOW,,
Kawaisugi Crisis,TV,,12,1,Dropped,4,0000-00-00,0000-00-00,0,0,LOW,,
Kekkai Sensen,TV,,12,0,Dropped,0,0000-00-00,0000-00-00,0,0,LOW,isekai,
Kekkon Yubiwa Monogatari,TV,,12,5,Dropped,2,0000-00-00,0000-00-00,0,0,LOW,isekai,
Kenja no Deshi wo Nanoru Kenja,TV,,12,1,Dropped,2,0000-00-00,0000-00-00,0,0,LOW,isekai,
Kenja no Mago,TV,,12,9,Dropped,5,0000-00-00,0000-00-00,0,0,LOW,,
Kenpuu Denki Berserk,TV,,25,25,Completed,10,0000-00-00,0000-00-00,0,0,LOW,,
Kikansha no Mahou wa Tokubetsu desu,TV,,12,12,Completed,9,0000-00-00,0000-00-00,0,0,LOW,,
Kill Ao,TV,,12,4,Dropped,0,0000-00-00,0000-00-00,0,0,LOW,,
Kill la Kill,TV,,24,24,Completed,1,0000-00-00,0000-00-00,0,0,LOW,,
Kimetsu no Yaiba,TV,,26,2,Dropped,0,0000-00-00,0000-00-00,0,0,LOW,,
Kimi ni Todoke,TV,,25,25,Completed,6,0000-00-00,2017-10-25,0,0,LOW,,
Kimi ni Todoke 2nd Season,TV,,12,12,Completed,6,2017-10-25,0000-00-00,0,0,LOW,,
Kimi no Na wa.,Movie,,1,1,Completed,9,0000-00-00,0000-00-00,0,0,LOW,,
"Kimi to Boku no Saigo no Senjou, Aruiwa Sekai ga Hajimaru Seisen",TV,,12,12,Completed,5,0000-00-00,0000-00-00,0,0,LOW,,
"Kimi to Boku no Saigo no Senjou, Aruiwa Sekai ga Hajimaru Seisen Season II",TV,,12,2,Dropped,0,0000-00-00,0000-00-00,0,0,LOW,,
Kimi wa Meido-sama.,TV,,12,1,Dropped,5,0000-00-00,0000-00-00,0,0,LOW,,
Kinsou no Vermeil: Gakeppuchi Majutsushi wa Saikyou no Yakusai to Mahou Sekai wo Tsukisusumu,TV,,12,12,Completed,6,0000-00-00,0000-00-00,0,0,LOW,,
Kizetsu Yuusha to Ansatsu Hime,TV,,12,12,Completed,5,0000-00-00,0000-00-00,0,0,LOW,,
Kizoku Tensei: Megumareta Umare kara Saikyou no Chikara wo Eru,TV,,12,12,Completed,7,0000-00-00,2026-04-01,0,0,LOW,,
Knight's & Magic,TV,,13,13,Completed,6,0000-00-00,0000-00-00,0,0,LOW,isekai,
Koi wa Sekai Seifuku no Ato de,TV,,12,12,Completed,7,0000-00-00,0000-00-00,0,0,LOW,,
Kokkoku,TV,,12,0,Dropped,0,0000-00-00,0000-00-00,0,0,LOW,,
Koko wa Ore ni Makasete Saki ni Ike to Itte kara 10-nen ga Tattara Densetsu ni Natteita.,TV,,12,3,Watching,0,0000-00-00,0000-00-00,0,0,LOW,,
"Kono Healer, Mendokusai",TV,,12,12,Completed,7,0000-00-00,0000-00-00,0,0,LOW,,
Kono Sekai wa Fukanzen Sugiru,TV,,13,0,Plan to Watch,0,0000-00-00,0000-00-00,0,0,LOW,,
Kono Subarashii Sekai ni Shukufuku wo!,TV,,10,10,Completed,7,0000-00-00,0000-00-00,0,0,LOW,isekai,
Kono Subarashii Sekai ni Shukufuku wo! 2,TV,,10,10,Completed,7,0000-00-00,0000-00-00,0,0,LOW,isekai,
Kono Subarashii Sekai ni Shukufuku wo! 3,TV,,11,0,Plan to Watch,0,0000-00-00,0000-00-00,0,0,LOW,,
Kono Yo no Hate de Koi wo Utau Shoujo YU-NO,TV,,26,1,Dropped,0,0000-00-00,0000-00-00,0,0,LOW,isekai,
"Konyaku Haki sareta Reijou wo Hirotta Ore ga, Ikenai Koto wo Oshiekomu",TV,,12,12,Completed,5,0000-00-00,0000-00-00,0,0,LOW,,
Koori Zokusei Danshi to Cool na Douryou Joshi,TV,,12,0,Dropped,2,0000-00-00,0000-00-00,0,0,LOW,,
Kore wa Zombie desu ka?,TV,,12,12,Completed,5,0000-00-00,0000-00-00,0,0,LOW,,
Kore wa Zombie desu ka? OVA,OVA,,2,2,Completed,5,0000-00-00,0000-00-00,0,0,LOW,,
Koujo Denka no Kateikyoushi,TV,,12,5,Dropped,2,2025-06-28,0000-00-00,0,0,LOW,,
Kuma Kuma Kuma Bear,TV,,12,1,Dropped,2,0000-00-00,0000-00-00,0,0,LOW,isekai,
"Kumo desu ga, Nani ka?",TV,,24,24,Completed,8,0000-00-00,0000-00-00,0,0,LOW,isekai,
Kuro no Shoukanshi,TV,,12,12,Completed,8,0000-00-00,0000-00-00,0,0,LOW,isekai,
Kuroneko to Majo no Kyoushitsu,TV,,0,7,Dropped,3,0000-00-00,0000-00-00,0,0,LOW,,
Kyou kara Maou!,TV,,78,0,Plan to Watch,0,0000-00-00,0000-00-00,0,0,LOW,,
Kyuukyoku Shinka shita Full Dive RPG ga Genjitsu yori mo Kusoge Dattara,TV,,12,12,Completed,7,0000-00-00,0000-00-00,0,0,LOW,,
Last Exile,TV,,26,26,Completed,5,0000-00-00,0000-00-00,0,0,LOW,,
Leadale no Daichi nite,TV,,12,12,Completed,5,0000-00-00,0000-00-00,0,0,LOW,isekai,
Level 1 dakedo Unique Skill de Saikyou desu,TV,,12,5,Dropped,3,0000-00-00,0000-00-00,0,0,LOW,isekai,
Level E,TV,,13,13,Completed,7,0000-00-00,0000-00-00,0,0,LOW,,
Little Witch Academia,Movie,,1,1,Completed,6,0000-00-00,0000-00-00,0,0,LOW,,
Little Witch Academia (TV),TV,,25,25,Completed,6,0000-00-00,0000-00-00,0,0,LOW,,
Log Horizon,TV,,25,25,Completed,7,0000-00-00,0000-00-00,0,0,LOW,,
Log Horizon 2nd Season,TV,,25,25,Completed,6,0000-00-00,0000-00-00,0,0,LOW,,
"Loop 7-kaime no Akuyaku Reijou wa, Moto Tekikoku de Jiyuu Kimama na Hanayome Seikatsu wo Mankitsu suru",TV,,12,6,Dropped,0,0000-00-00,0000-00-00,0,0,LOW,,
Lovely★Complex,TV,,24,24,Completed,5,0000-00-00,0000-00-00,0,0,LOW,,
Lv1 Maou to One Room Yuusha,TV,,12,12,Completed,7,0000-00-00,0000-00-00,0,0,LOW,,
Lv2 kara Cheat datta Motoyuusha Kouho no Mattari Isekai Life,TV,,12,12,Completed,6,0000-00-00,0000-00-00,0,0,LOW,,
Lv999 no Murabito,TV,,12,4,Watching,0,0000-00-00,0000-00-00,0,0,LOW,,
Made in Abyss,TV,,13,6,Dropped,3,0000-00-00,0000-00-00,0,0,LOW,,
Madougushi Dahliya wa Utsumukanai,TV,,12,0,Plan to Watch,0,0000-00-00,0000-00-00,0,0,LOW,isekai,
Magic Maker: Isekai Mahou no Tsukurikata,TV,,12,3,Dropped,2,0000-00-00,0000-00-00,0,0,LOW,isekai,
Mahou Shoujo Magical Destroyers,TV,,12,1,Dropped,4,0000-00-00,0000-00-00,0,0,LOW,,
Mahouka Koukou no Rettousei,TV,,26,20,Dropped,2,0000-00-00,0000-00-00,0,0,LOW,,
Mahouka Koukou no Yuutousei,TV,,13,1,Dropped,1,0000-00-00,0000-00-00,0,0,LOW,,
Mahoutsukai no Yakusoku,TV,,12,2,Dropped,2,0000-00-00,0000-00-00,0,0,LOW,isekai,
Mahoutsukai no Yome,TV,,24,24,Completed,7,0000-00-00,0000-00-00,0,0,LOW,,
Mahoutsukai Reimeiki,TV,,12,2,Dropped,3,0000-00-00,0000-00-00,0,0,LOW,,
Mairimashita! Iruma-kun,TV,,23,23,Completed,7,0000-00-00,0000-00-00,0,0,LOW,isekai,
Mairimashita! Iruma-kun 2nd Season,TV,,21,21,Completed,7,0000-00-00,0000-00-00,0,0,LOW,isekai,
Mairimashita! Iruma-kun 3rd Season,TV,,21,0,Plan to Watch,0,0000-00-00,0000-00-00,0,0,LOW,,
Majo no Tabitabi,TV,,12,12,Completed,5,0000-00-00,0000-00-00,0,0,LOW,,
Majo no Takkyuubin,Movie,,1,1,Completed,7,0000-00-00,0000-00-00,0,0,LOW,,
Majutsushi Kunon wa Mieteiru,TV,,13,5,Dropped,4,0000-00-00,0000-00-00,0,0,LOW,,
Maou 2099,TV,,12,5,Dropped,0,0000-00-00,0000-00-00,0,0,LOW,,
"Maou Gakuin no Futekigousha II: Shijou Saikyou no Maou no Shiso, Tensei shite Shison-tachi no Gakkou e Kayou",TV,,12,2,Dropped,4,0000-00-00,0000-00-00,0,0,LOW,isekai,
"Maou Gakuin no Futekigousha: Shijou Saikyou no Maou no Shiso, Tensei shite Shison-tachi no Gakkou e Kayou",TV,,13,13,Completed,8,0000-00-00,0000-00-00,0,0,LOW,,
"Maou no Ore ga Dorei Elf wo Yome ni Shitanda ga, Dou Medereba Ii?",TV,,12,12,Completed,7,0000-00-00,2024-06-15,0,0,LOW,,
"Maou-sama, Retry!",TV,,12,3,Dropped,0,0000-00-00,0000-00-00,0,0,LOW,isekai,
Maougun Saikyou no Majutsushi wa Ningen datta,TV,,12,2,On-Hold,0,0000-00-00,0000-00-00,0,0,LOW,,
Maoujou de Oyasumi,TV,,12,12,Completed,9,0000-00-00,0000-00-00,0,0,LOW,,
Maoyuu Maou Yuusha,TV,,12,12,Completed,6,0000-00-00,0000-00-00,0,0,LOW,,
Masamune-kun no Revenge,TV,,12,12,Completed,5,0000-00-00,0000-00-00,0,0,LOW,,
Mashle,TV,,12,12,Completed,9,2023-04-07,0000-00-00,0,0,LOW,,
Mashle: Shinkakusha Kouho Senbatsu Shiken-hen,TV,,12,12,Completed,8,0000-00-00,0000-00-00,0,0,LOW,,
Mato Seihei no Slave,TV,,12,2,Dropped,2,0000-00-00,0000-00-00,0,0,LOW,,
Mattaku Saikin no Tantei to Kitara,TV,,12,1,Dropped,0,0000-00-00,0000-00-00,0,0,LOW,,
"Megami ""Isekai Tensei Nani ni Naritai desu ka"" Ore ""Yuusha no Rokkotsu de""",TV,,12,5,Dropped,0,0000-00-00,0000-00-00,0,0,LOW,,
Meikyuu Black Company,TV,,12,7,Dropped,3,0000-00-00,0000-00-00,0,0,LOW,isekai,
"Meitou ""Isekai no Yu"" Kaitakuki: Around 40 Onsen Mania no Tensei Saki wa, Nonbiri Onsen Tengoku deshita",TV,,12,0,Dropped,0,0000-00-00,0000-00-00,0,0,LOW,,
"Mikata ga Yowasugite Hojo Mahou ni Tesshiteita Kyuutei Mahoushi, Tsuihou sarete Saikyou wo Mezasu",TV,,12,12,Completed,4,0000-00-00,2025-12-20,0,0,LOW,,
Mizu Zokusei no Mahoutsukai,TV,,12,12,Completed,7,0000-00-00,2025-09-25,0,0,LOW,isekai,
Mob kara Hajimaru Tansaku Eiyuutan,TV,,12,0,Plan to Watch,0,0000-00-00,0000-00-00,0,0,LOW,,
Mob Psycho 100,TV,,12,12,Completed,10,0000-00-00,0000-00-00,0,0,LOW,,
Mob Psycho 100 II,TV,,13,13,Completed,10,0000-00-00,0000-00-00,0,0,LOW,,
Mob Psycho 100 III,TV,,12,12,Completed,9,0000-00-00,0000-00-00,0,0,LOW,,
Mondaiji-tachi ga Isekai kara Kuru Sou desu yo?,TV,,10,0,Dropped,0,0000-00-00,0000-00-00,0,0,LOW,isekai,
Mononoke Hime,Movie,,1,1,Completed,7,0000-00-00,0000-00-00,0,0,LOW,,
Mujikaku Seijo wa Kyou mo Muishiki ni Chikara wo Tare Nagasu,TV,,0,2,Watching,0,0000-00-00,0000-00-00,0,0,LOW,,
Mushoku no Eiyuu: Betsu ni Skill Nanka Iranakatta n da ga,TV,,12,12,Completed,6,0000-00-00,2025-12-10,0,0,LOW,,
Mushoku Tensei II: Isekai Ittara Honki Dasu,TV,,12,12,Completed,8,0000-00-00,2026-07-29,0,0,LOW,,
Mushoku Tensei II: Isekai Ittara Honki Dasu - Shugo Jutsushi Fitz,TV Special,,1,1,Completed,6,0000-00-00,2026-07-25,0,0,LOW,,
Mushoku Tensei II: Isekai Ittara Honki Dasu Part 2,TV,,12,2,Watching,0,0000-00-00,0000-00-00,0,0,LOW,,
Mushoku Tensei: Isekai Ittara Honki Dasu,TV,,11,11,Completed,7,0000-00-00,0000-00-00,0,0,LOW,isekai,
Mushoku Tensei: Isekai Ittara Honki Dasu - Eris no Goblin Toubatsu,Special,,1,1,Completed,7,0000-00-00,0000-00-00,0,0,LOW,,
Mushoku Tensei: Isekai Ittara Honki Dasu Part 2,TV,,12,12,Completed,7,0000-00-00,0000-00-00,0,0,LOW,isekai,
Nageki no Bourei wa Intai shitai,TV,,13,13,Completed,5,0000-00-00,0000-00-00,0,0,LOW,,
Nageki no Bourei wa Intai shitai Part 2,TV,,11,11,Completed,8,0000-00-00,2025-12-20,0,0,LOW,,
Nanatsu no Maken ga Shihai suru,TV,,15,3,Dropped,4,0000-00-00,0000-00-00,0,0,LOW,,
Nanatsu no Taizai: Mokushiroku no Yonkishi,TV,,24,0,Plan to Watch,0,0000-00-00,0000-00-00,0,0,LOW,,
Nanatsu no Taizai: Mokushiroku no Yonkishi 2nd Season,TV,,12,0,Plan to Watch,0,0000-00-00,0000-00-00,0,0,LOW,,
Nanbaka,TV,,13,0,Dropped,0,0000-00-00,0000-00-00,0,0,LOW,,
Naruto,TV,,220,220,Completed,5,0000-00-00,0000-00-00,0,0,LOW,,
Naruto: Shippuuden,TV,,500,70,Dropped,0,0000-00-00,0000-00-00,0,0,LOW,,
Naze Boku no Sekai wo Daremo Oboeteinai no ka?,TV,,12,0,Plan to Watch,0,0000-00-00,0000-00-00,0,0,LOW,,
Netoge no Yome wa Onnanoko ja Nai to Omotta?,TV,,12,1,Dropped,1,0000-00-00,0000-00-00,0,0,LOW,,
NHK ni Youkoso!,TV,,24,0,Plan to Watch,0,0000-00-00,0000-00-00,0,0,LOW,,
Nigashita Sakana wa Ookikatta ga Tsuriageta Sakana ga Ookisugita Ken,TV,,12,1,Dropped,0,0000-00-00,0000-00-00,0,0,LOW,,
Night Head 2041,TV,,12,1,Dropped,0,0000-00-00,0000-00-00,0,0,LOW,,
Ningen Fushin no Boukensha-tachi ga Sekai wo Sukuu you desu,TV,,12,6,Dropped,3,0000-00-00,0000-00-00,0,0,LOW,,
Ninja Kamui,TV,,13,0,Plan to Watch,0,0000-00-00,0000-00-00,0,0,LOW,,
No Game No Life,TV,,12,0,Dropped,0,0000-00-00,0000-00-00,0,0,LOW,,
Nokemono-tachi no Yoru,TV,,13,1,Dropped,1,0000-00-00,0000-00-00,0,0,LOW,,
Noumin Kanren no Skill bakka Agetetara Nazeka Tsuyoku Natta.,TV,,12,12,Completed,5,0000-00-00,0000-00-00,0,0,LOW,,
Nozomanu Fushi no Boukensha,TV,,12,12,Completed,6,0000-00-00,0000-00-00,0,0,LOW,,
Nyaight of the Living Cat,TV,,12,1,Dropped,0,0000-00-00,0000-00-00,0,0,LOW,,
Obey Me!,ONA,,12,1,Dropped,0,0000-00-00,0000-00-00,0,0,LOW,,
Odayaka Kizoku no Kyuuka no Susume.,TV,,12,2,Dropped,1,0000-00-00,0000-00-00,0,0,LOW,,
Okashi na Tensei,TV,,12,12,Completed,5,0000-00-00,0000-00-00,0,0,LOW,isekai,
Okiraku Ryoushu no Tanoshii Ryouchi Bouei: Seisankei Majutsu de Na mo Naki Mura wo Saikyou no Jousai Toshi ni,TV,,12,12,Completed,8,0000-00-00,2026-03-25,0,0,LOW,,
One Piece,TV,,0,1080,On-Hold,9,0000-00-00,0000-00-00,0,0,LOW,,
One Punch Man,TV,,12,12,Completed,10,0000-00-00,0000-00-00,0,0,LOW,,
One Punch Man 2nd Season,TV,,12,5,Dropped,3,0000-00-00,0000-00-00,0,0,LOW,,
One Punch Man Specials,Special,,6,6,Completed,9,0000-00-00,0000-00-00,0,0,LOW,,
One Punch Man: Road to Hero,OVA,,1,1,Completed,10,0000-00-00,0000-00-00,0,0,LOW,,
Onmyou Kaiten Re:Birth,TV,,12,12,Completed,6,0000-00-00,0000-00-00,0,0,LOW,isekai,
Ookami to Koushinryou: Merchant Meets the Wise Wolf,TV,,25,0,Plan to Watch,0,0000-00-00,0000-00-00,0,0,LOW,,
Ooyukiumi no Kaina,TV,,11,1,Dropped,0,0000-00-00,0000-00-00,0,0,LOW,,
Ore dake Haireru Kakushi Dungeon,TV,,12,10,Dropped,2,0000-00-00,0000-00-00,0,0,LOW,,
Ore dake Level Up na Ken,TV,,12,0,Plan to Watch,0,0000-00-00,0000-00-00,0,0,LOW,,
Ore Monogatari!!,TV,,24,24,Completed,8,0000-00-00,0000-00-00,0,0,LOW,,
Ore wa Seikan Kokka no Akutoku Ryoushu!,TV,,12,12,Completed,4,0000-00-00,0000-00-00,0,0,LOW,isekai,
"Ore wa Subete wo ""Parry"" suru: Gyaku Kanchigai no Sekai Saikyou wa Boukensha ni Naritai",TV,,12,12,Completed,7,0000-00-00,0000-00-00,0,0,LOW,,
Oroka na Tenshi wa Akuma to Odoru,TV,,12,1,Dropped,0,0000-00-00,0000-00-00,0,0,LOW,,
Otome Game Sekai wa Mob ni Kibishii Sekai desu,TV,,12,12,Completed,7,0000-00-00,0000-00-00,0,0,LOW,isekai,
Otome Game Sekai wa Mob ni Kibishii Sekai desu 2,TV,,12,0,Plan to Watch,0,0000-00-00,0000-00-00,0,0,LOW,,
Ousama Ranking,TV,,23,23,Completed,8,0000-00-00,0000-00-00,0,0,LOW,,
Ousama Ranking: Yuuki no Takarabako,TV,,10,0,Plan to Watch,0,0000-00-00,0000-00-00,0,0,LOW,,
Outbreak Company,TV,,12,12,Completed,6,0000-00-00,0000-00-00,0,0,LOW,isekai,
Overlord,TV,,13,13,Completed,8,0000-00-00,0000-00-00,0,0,LOW,,
Overlord II,TV,,13,13,Completed,4,0000-00-00,2018-04-04,0,0,LOW,,
Overlord III,TV,,13,0,Plan to Watch,0,0000-00-00,0000-00-00,0,0,LOW,,
Paripi Koumei,TV,,12,1,Dropped,0,0000-00-00,0000-00-00,0,0,LOW,isekai,
"Party kara Tsuihou sareta Sono Chiyushi, Jitsu wa Saikyou ni Tsuki",TV,,12,10,Dropped,4,0000-00-00,0000-00-00,0,0,LOW,,
Persona 3 the Movie 1: Spring of Birth,Movie,,1,0,Dropped,0,0000-00-00,0000-00-00,0,0,LOW,,
Persona 3 the Movie 2: Midsummer Knight's Dream,Movie,,1,0,Dropped,0,0000-00-00,0000-00-00,0,0,LOW,,
Persona 3 the Movie 3: Falling Down,Movie,,1,0,Dropped,0,0000-00-00,0000-00-00,0,0,LOW,,
Persona 3 the Movie 4: Winter of Rebirth,Movie,,1,1,Dropped,0,0000-00-00,0000-00-00,0,0,LOW,,
Persona 4 the Animation,TV,,25,0,Dropped,0,0000-00-00,0000-00-00,0,0,LOW,,
Persona 5 the Animation,TV,,26,0,Dropped,0,0000-00-00,0000-00-00,0,0,LOW,,
Platinum End,TV,,24,6,Dropped,3,0000-00-00,0000-00-00,0,0,LOW,,
Plunderer,TV,,24,10,Dropped,0,0000-00-00,0000-00-00,0,0,LOW,isekai,
Pokemon,TV,,276,276,Completed,8,0000-00-00,0000-00-00,0,0,LOW,,
Pokemon Advanced Generation,TV,,192,2,Dropped,0,0000-00-00,0000-00-00,0,0,LOW,,
"Potion, Wagami wo Tasukeru",TV,,12,1,Dropped,1,0000-00-00,0000-00-00,0,0,LOW,isekai,
Potion-danomi de Ikinobimasu!,TV,,12,4,Dropped,3,0000-00-00,0000-00-00,0,0,LOW,isekai,
Princess Connect! Re:Dive,TV,,13,1,Dropped,2,0000-00-00,0000-00-00,0,0,LOW,isekai,
Psycho-Pass,TV,,22,0,Dropped,0,0000-00-00,0000-00-00,0,0,LOW,,
Quanzhi Fashi,ONA,,12,12,Completed,0,0000-00-00,0000-00-00,0,0,LOW,,
Quanzhi Gaoshou,ONA,,12,12,Completed,6,0000-00-00,0000-00-00,0,0,LOW,anYme,
Quanzhi Gaoshou Specials,ONA,,3,3,Completed,6,0000-00-00,0000-00-00,0,0,LOW,,
Ragna Crimson,TV,,24,16,Dropped,0,2023-09-30,0000-00-00,0,0,LOW,,
"Rakudai Kenja no Gakuin Musou: Nidome no Tensei, S-Rank Cheat Majutsushi Boukenroku",TV,,0,5,Watching,0,0000-00-00,0000-00-00,0,0,LOW,,
Rakudai Kishi no Cavalry,TV,,12,1,Dropped,1,0000-00-00,0000-00-00,0,0,LOW,,
Re:Creators,TV,,22,2,Dropped,1,0000-00-00,0000-00-00,0,0,LOW,,
Re:Monster,TV,,12,12,Completed,4,0000-00-00,0000-00-00,0,0,LOW,,
Re:Zero kara Hajimeru Isekai Seikatsu,TV,,25,25,Completed,7,0000-00-00,0000-00-00,0,0,LOW,isekai,
Re:Zero kara Hajimeru Isekai Seikatsu 2nd Season,TV,,13,0,Plan to Watch,0,0000-00-00,0000-00-00,0,0,LOW,isekai,
Reincarnation no Kaben,TV,,13,1,Dropped,0,0000-00-00,0000-00-00,0,0,LOW,,
Rekishi ni Nokoru Akujo ni Naru zo,TV,,13,13,Completed,6,2024-10-01,0000-00-00,0,0,LOW,isekai,
ReLIFE,TV,,13,13,Completed,6,0000-00-00,0000-00-00,0,0,LOW,,
Rokudenashi Majutsu Koushi to Akashic Records,TV,,12,12,Completed,6,0000-00-00,0000-00-00,0,0,LOW,,
Rougo ni Sonaete Isekai de 8-manmai no Kinka wo Tamemasu,TV,,12,12,Completed,7,0000-00-00,0000-00-00,0,0,LOW,isekai,
RPG Fudousan,TV,,12,1,Dropped,1,0000-00-00,0000-00-00,0,0,LOW,,
Rurouni Kenshin: Meiji Kenkaku Romantan (2023),TV,,24,3,Plan to Watch,0,0000-00-00,0000-00-00,0,0,LOW,,
Ryoumin 0-nin Start no Henkyou Ryoushu-sama,TV,,0,1,Watching,0,0000-00-00,0000-00-00,0,0,LOW,,
"S-Rank Monster no ""Behemoth"" dakedo, Neko to Machigawarete Elf Musume no Pet toshite Kurashitemasu",TV,,12,1,Dropped,2,0000-00-00,0000-00-00,0,0,LOW,,
Saigo ni Hitotsu dake Onegai shitemo Yoroshii deshou ka,TV,,13,13,Completed,6,0000-00-00,2025-12-19,0,0,LOW,,
Saihate no Paladin,TV,,12,2,Dropped,1,0000-00-00,0000-00-00,0,0,LOW,isekai,
Saijaku Tamer wa Gomi Hiroi no Tabi wo Hajimemashita.,TV,,12,1,Dropped,3,0000-00-00,0000-00-00,0,0,LOW,isekai,
Saiki Kusuo no Ψ-nan,TV,,120,120,Completed,10,0000-00-00,0000-00-00,0,0,LOW,,
Saiki Kusuo no Ψ-nan 2,TV,,24,24,Completed,10,0000-00-00,0000-00-00,0,0,LOW,,
Saiki Kusuo no Ψ-nan: Ψ-shidou-hen,ONA,,6,6,Completed,10,0000-00-00,0000-00-00,0,0,LOW,,
Saiki Kusuo no Ψ-nan: Kanketsu-hen,TV Special,,1,1,Completed,0,0000-00-00,0000-00-00,0,0,LOW,,
Saikyou Degarashi Ouji no Anyaku Teii Arasoi,TV,,12,3,Watching,0,0000-00-00,0000-00-00,0,0,LOW,,
"Saikyou no Ousama, Nidome no Jinsei wa Nani wo Suru?",TV,,12,12,Completed,6,0000-00-00,0000-00-00,0,0,LOW,isekai,
"Saikyou no Ousama, Nidome no Jinsei wa Nani wo Suru? Season 2",TV,,12,3,Dropped,3,0000-00-00,0000-00-00,0,0,LOW,,
"Saikyou no Shienshoku ""Wajutsushi"" de Aru Ore wa Sekai Saikyou Clan wo Shitagaeru",TV,,12,12,Completed,8,2024-09-30,0000-00-00,0,0,LOW,,
Saikyou no Shokugyou wa Yuusha demo Kenja demo Naku Kanteishi (Kari) Rashii desu yo?,TV,,12,5,Dropped,0,0000-00-00,0000-00-00,0,0,LOW,isekai,
Saikyou Onmyouji no Isekai Tenseiki,TV,,13,13,Completed,8,0000-00-00,0000-00-00,0,0,LOW,isekai,
"Saikyou Tank no Meikyuu Kouryaku: Tairyoku 9999 no Rare Skill-mochi Tank, Yuusha Party wo Tsuihou sareru",TV,,12,5,Dropped,5,0000-00-00,0000-00-00,0,0,LOW,,
Sakamoto Days,TV,,11,11,Completed,8,0000-00-00,0000-00-00,0,0,LOW,,
Sakamoto Days Part 2,TV,,11,0,Plan to Watch,0,0000-00-00,0000-00-00,0,0,LOW,,
Sakamoto desu ga?,TV,,12,12,Completed,8,0000-00-00,0000-00-00,0,0,LOW,,
Salaryman ga Isekai ni Ittara Shitennou ni Natta Hanashi,TV,,12,12,Completed,6,0000-00-00,0000-00-00,0,0,LOW,isekai,
Samurai Champloo,TV,,26,26,Completed,6,0000-00-00,0000-00-00,0,0,LOW,,
Sasaki to Pii-chan,TV,,12,8,Dropped,4,0000-00-00,0000-00-00,0,0,LOW,isekai,
"Sayounara Ryuusei, Konnichiwa Jinsei",TV,,12,5,Dropped,4,0000-00-00,0000-00-00,0,0,LOW,,
"Seija Musou: Salaryman, Isekai de Ikinokoru Tame ni Ayumu Michi",TV,,12,12,Completed,6,0000-00-00,0000-00-00,0,0,LOW,isekai,
Seijo no Maryoku wa Bannou desu,TV,,12,1,Dropped,3,0000-00-00,0000-00-00,0,0,LOW,isekai,
Seiken Gakuin no Makentsukai,TV,,12,12,Completed,5,0000-00-00,0000-00-00,0,0,LOW,,
Seiken Tsukai no World Break,TV,,12,0,Plan to Watch,0,0000-00-00,0000-00-00,0,0,LOW,,
Seirei Gensouki,TV,,12,5,Dropped,2,0000-00-00,0000-00-00,0,0,LOW,isekai,
"Sekai Saikou no Ansatsusha, Isekai Kizoku ni Tensei suru",TV,,12,12,Completed,7,0000-00-00,0000-00-00,0,0,LOW,isekai,
Sekai Saikyou no Kouei: Meikyuukoku no Shinjin Tansakusha,TV,,12,3,Watching,0,0000-00-00,0000-00-00,0,0,LOW,,
Sen to Chihiro no Kamikakushi,Movie,,1,1,Completed,7,0000-00-00,0000-00-00,0,0,LOW,,
Sentai Red Isekai de Boukensha ni Naru,TV,,12,7,Dropped,0,0000-00-00,0000-00-00,0,0,LOW,isekai,
"Sentouin, Haken shimasu!",TV,,12,5,Dropped,3,0000-00-00,0000-00-00,0,0,LOW,isekai,
Serial Experiments Lain,TV,,13,13,Completed,8,0000-00-00,0000-00-00,0,0,LOW,,
Shaman King,TV,,64,64,Completed,6,0000-00-00,0000-00-00,0,0,LOW,,
"Shangri-La Frontier: Kusoge Hunter, Kamige ni Idoman to su",TV,,25,25,Completed,8,2023-10-01,0000-00-00,0,0,LOW,,
"Shangri-La Frontier: Kusoge Hunter, Kamige ni Idoman to su 2nd Season",TV,,25,25,Completed,9,0000-00-00,0000-00-00,0,0,LOW,,
"Shijou Saikyou no Daimaou, Murabito A ni Tensei suru",TV,,12,12,Completed,7,0000-00-00,0000-00-00,0,0,LOW,,
Shikkakumon no Saikyou Kenja,TV,,12,12,Completed,6,0000-00-00,0000-00-00,0,0,LOW,,
"Shin no Nakama ja Nai to Yuusha no Party wo Oidasareta node, Henkyou de Slow Life suru Koto ni Shimashita",TV,,13,3,Dropped,3,0000-00-00,0000-00-00,0,0,LOW,,
Shin Shinka no Mi: Shiranai Uchi ni Kachigumi Jinsei,TV,,12,12,Completed,5,0000-00-00,0000-00-00,0,0,LOW,isekai,
Shinchou Yuusha: Kono Yuusha ga Ore Tueee Kuse ni Shinchou Sugiru,TV,,12,12,Completed,8,0000-00-00,0000-00-00,0,0,LOW,isekai,
Shingeki no Kyojin,TV,,25,25,Completed,7,0000-00-00,0000-00-00,0,0,LOW,,
Shingeki no Kyojin Season 2,TV,,12,12,Completed,7,0000-00-00,0000-00-00,0,0,LOW,,
Shingeki no Kyojin Season 3,TV,,12,12,Completed,7,0000-00-00,0000-00-00,0,0,LOW,,
Shingeki no Kyojin Season 3 Part 2,TV,,10,10,Completed,7,0000-00-00,0000-00-00,0,0,LOW,,
Shingeki no Kyojin: The Final Season,TV,,16,16,Completed,7,0000-00-00,0000-00-00,0,0,LOW,,
"Shinjiteita Nakama-tachi ni Dungeon Okuchi de Korosarekaketa ga Gift ""Mugen Gacha"" de Level 9999 no Nakama-tachi wo Te ni Irete Moto Party Member to Sekai ni Fukushuu & ""Zamaa!"" Shimasu!",TV,,12,12,Completed,7,0000-00-00,2025-12-19,0,0,LOW,,
Shinka no Mi: Shiranai Uchi ni Kachigumi Jinsei,TV,,12,12,Completed,4,0000-00-00,0000-00-00,0,0,LOW,isekai,
"Shinmai Ossan Boukensha, Saikyou Party ni Shinu hodo Kitaerarete Muteki ni Naru.",TV,,12,12,Completed,8,0000-00-00,0000-00-00,0,0,LOW,,
Shinseiki Evangelion,TV,,26,26,Completed,6,0000-00-00,0000-00-00,0,0,LOW,,
"Shinseiki Evangelion Movie: Air/Magokoro wo, Kimi ni",Movie,,1,1,Completed,6,0000-00-00,0000-00-00,0,0,LOW,,
Shirobuta Kizoku desu ga Zense no Kioku ga Haeta node Hiyoko na Otouto Sodatemasu,TV,,12,3,Dropped,0,0000-00-00,0000-00-00,0,0,LOW,,
Shokei Shoujo no Virgin Road,TV,,12,5,Dropped,4,0000-00-00,0000-00-00,0,0,LOW,isekai,
Shy,TV,,12,1,Dropped,2,0000-00-00,0000-00-00,0,0,LOW,,
Silent Witch: Chinmoku no Majo no Kakushigoto,TV,,13,5,Dropped,4,0000-00-00,0000-00-00,0,0,LOW,,
Skip Beat!,TV,,25,25,Completed,3,0000-00-00,0000-00-00,0,0,LOW,,
Skip to Loafer,TV,,12,1,Plan to Watch,0,0000-00-00,0000-00-00,0,0,LOW,,
Slam Dunk,TV,,101,20,Dropped,3,0000-00-00,0000-00-00,0,0,LOW,,
"Slime Taoshite 300-nen, Shiranai Uchi ni Level Max ni Nattemashita",TV,,12,0,Dropped,3,0000-00-00,0000-00-00,0,0,LOW,isekai,
"Sokushi Cheat ga Saikyou sugite, Isekai no Yatsura ga Marude Aite ni Naranai n desu ga.",TV,,12,12,Completed,6,0000-00-00,0000-00-00,0,0,LOW,isekai,
Sonny Boy,TV,,12,1,Dropped,0,0000-00-00,0000-00-00,0,0,LOW,,
Sora wa Akai Kawa no Hotori,TV,,0,1,Watching,0,0000-00-00,0000-00-00,0,0,LOW,,
Soul Eater,TV,,51,2,Dropped,1,0000-00-00,0000-00-00,0,0,LOW,,
Sousou no Frieren,TV,,28,28,Completed,9,2023-09-30,0000-00-00,0,0,LOW,,
Sousou no Frieren 2nd Season,TV,,10,0,Plan to Watch,0,0000-00-00,0000-00-00,0,0,LOW,,
Sozai Saishuka no Isekai Ryokouki,TV,,12,9,Dropped,4,0000-00-00,0000-00-00,0,0,LOW,isekai,
Space☆Dandy,TV,,13,13,Completed,1,0000-00-00,0000-00-00,0,0,LOW,,
Space☆Dandy 2nd Season,TV,,13,1,Dropped,0,0000-00-00,0000-00-00,0,0,LOW,,
Spy x Family,TV,,12,12,Completed,9,0000-00-00,0000-00-00,0,0,LOW,,
Spy x Family Part 2,TV,,13,13,Completed,9,0000-00-00,0000-00-00,0,0,LOW,,
Spy x Family Season 2,TV,,12,0,Plan to Watch,0,0000-00-00,0000-00-00,0,0,LOW,,
Spy x Family Season 3,TV,,13,0,Plan to Watch,0,0000-00-00,0000-00-00,0,0,LOW,,
Steins;Gate,TV,,24,24,Completed,8,0000-00-00,0000-00-00,0,0,LOW,,
Steins;Gate: Kyoukaimenjou no Missing Link - Divide By Zero,TV Special,,1,1,Completed,8,0000-00-00,0000-00-00,0,0,LOW,,
Strike the Blood,TV,,24,0,Plan to Watch,0,0000-00-00,0000-00-00,0,0,LOW,,
Suterare Seijo no Isekai Gohan Tabi: Kakure Skill de Camping Car wo Shoukan shimashita,TV,,12,0,Plan to Watch,0,0000-00-00,0000-00-00,0,0,LOW,,
Sword Art Online,TV,,25,25,Completed,7,0000-00-00,0000-00-00,0,0,LOW,,
Sword Art Online Alternative: Gun Gale Online,TV,,12,4,Dropped,5,0000-00-00,0000-00-00,0,0,LOW,,
Sword Art Online II,TV,,24,24,Completed,7,0000-00-00,0000-00-00,0,0,LOW,,
Sword Art Online II: Sword Art Offline II,Special,,9,9,Completed,7,0000-00-00,0000-00-00,0,0,LOW,,
Sword Art Online Movie: Ordinal Scale,Movie,,1,1,Completed,7,0000-00-00,0000-00-00,0,0,LOW,,
Sword Art Online: Alicization,TV,,24,24,Completed,0,0000-00-00,0000-00-00,0,0,LOW,,
Sword Art Online: Alicization - War of Underworld,TV,,12,12,Completed,6,0000-00-00,0000-00-00,0,0,LOW,,
Sword Art Online: Alicization - War of Underworld 2nd Season,TV,,11,0,Plan to Watch,0,0000-00-00,0000-00-00,0,0,LOW,,
Sword Art Online: Extra Edition,Special,,1,1,Completed,0,0000-00-00,0000-00-00,0,0,LOW,,
Sword Art Online: Sword Art Offline - Extra Edition,Special,,1,0,Dropped,0,0000-00-00,0000-00-00,0,0,LOW,isekai,
Tasuuketsu,TV,,24,1,Dropped,2,0000-00-00,0000-00-00,0,0,LOW,,
Tate no Yuusha no Nariagari,TV,,25,25,Completed,8,0000-00-00,0000-00-00,0,0,LOW,isekai,
Tate no Yuusha no Nariagari Season 2,TV,,13,4,Dropped,2,0000-00-00,0000-00-00,0,0,LOW,isekai,
Tatoeba Last Dungeon Mae no Mura no Shounen ga Joban no Machi de Kurasu Youna Monogatari,TV,,12,12,Completed,5,0000-00-00,0000-00-00,0,0,LOW,,
"Tearmoon Teikoku Monogatari: Dantoudai kara Hajimaru, Hime no Tensei Gyakuten Story",TV,,12,12,Completed,6,0000-00-00,0000-00-00,0,0,LOW,,
Tengoku Daimakyou,TV,,13,13,Completed,7,0000-00-00,0000-00-00,0,0,LOW,,
Tenkuu no Shiro Laputa,Movie,,1,1,Completed,7,0000-00-00,0000-00-00,0,0,LOW,,
Tensai Ouji no Akaji Kokka Saisei Jutsu,TV,,12,2,Dropped,4,0000-00-00,0000-00-00,0,0,LOW,,
"Tensei Kenja no Isekai Life: Dai-2 no Shokugyou wo Ete, Sekai Saikyou ni Narimashita",TV,,12,5,Dropped,0,0000-00-00,0000-00-00,0,0,LOW,isekai,
Tensei Kizoku no Isekai Boukenroku: Jichou wo Shiranai Kamigami no Shito,TV,,12,12,Completed,6,0000-00-00,0000-00-00,0,0,LOW,isekai,
"Tensei Kizoku, Kantei Skill de Nariagaru",TV,,12,7,On-Hold,0,0000-00-00,0000-00-00,0,0,LOW,,
"Tensei Kizoku, Kantei Skill de Nariagaru 2nd Season",TV,,12,0,Plan to Watch,0,0000-00-00,0000-00-00,0,0,LOW,,
Tensei Oujo to Tensai Reijou no Mahou Kakumei,TV,,12,3,Dropped,0,0000-00-00,0000-00-00,0,0,LOW,isekai,
"Tensei shitara Dainana Ouji Datta node, Kimama ni Majutsu wo Kiwamemasu",TV,,12,1,Dropped,1,0000-00-00,0000-00-00,0,0,LOW,,
Tensei shitara Dragon no Tamago datta,TV,,12,12,Completed,6,0000-00-00,2026-04-18,0,0,LOW,isekai,
Tensei shitara Ken deshita,TV,,12,12,Completed,7,0000-00-00,0000-00-00,0,0,LOW,isekai,
Tensei shitara Slime Datta Ken,TV,,24,24,Completed,8,0000-00-00,0000-00-00,0,0,LOW,isekai,
Tensei shitara Slime Datta Ken 2nd Season,TV,,12,12,Completed,8,0000-00-00,0000-00-00,0,0,LOW,isekai,
Tensei shitara Slime Datta Ken 2nd Season Part 2,TV,,12,12,Completed,8,0000-00-00,0000-00-00,0,0,LOW,isekai,
Tensei shitara Slime Datta Ken 3rd Season,TV,,24,0,Plan to Watch,0,0000-00-00,0000-00-00,0,0,LOW,,
Tensei shitara Slime Datta Ken 4th Season,TV,,24,0,Plan to Watch,0,0000-00-00,0000-00-00,0,0,LOW,,
Teogonia,TV,,12,12,Completed,6,0000-00-00,0000-00-00,0,0,LOW,,
The God of High School,TV,,13,0,Dropped,0,0000-00-00,0000-00-00,0,0,LOW,,
The New Gate,TV,,12,12,Completed,6,0000-00-00,0000-00-00,0,0,LOW,,
Toaru Majutsu no Index,TV,,24,0,Plan to Watch,0,0000-00-00,0000-00-00,0,0,LOW,,
Toaru Ossan no VRMMO Katsudouki,TV,,12,4,Dropped,4,0000-00-00,0000-00-00,0,0,LOW,,
Tokyo Ghoul,TV,,12,1,Dropped,2,0000-00-00,0000-00-00,0,0,LOW,,
Tonari no Totoro,Movie,,1,1,Completed,7,0000-00-00,0000-00-00,0,0,LOW,,
Tondemo Skill de Isekai Hourou Meshi,TV,,12,12,Completed,7,0000-00-00,0000-00-00,0,0,LOW,isekai,
Tondemo Skill de Isekai Hourou Meshi 2,TV,,12,12,Completed,7,0000-00-00,2025-12-23,0,0,LOW,,
Tongari Boushi no Atelier,TV,,13,13,Completed,9,0000-00-00,2026-06-22,0,0,LOW,,
Toradora!,TV,,25,25,Completed,7,2017-10-22,0000-00-00,0,0,LOW,anYme,
Tougen Anki,TV,,24,1,Dropped,0,0000-00-00,0000-00-00,0,0,LOW,,
Toujima Tanzaburou wa Kamen Rider ni Naritai,TV,,24,24,Completed,8,0000-00-00,2026-05-06,0,0,LOW,,
Towa no Yuugure,TV,,12,12,Completed,5,0000-00-00,2025-12-18,0,0,LOW,,
Tsue to Tsurugi no Wistoria,TV,,12,12,Completed,8,0000-00-00,0000-00-00,0,0,LOW,,
Tsue to Tsurugi no Wistoria Season 2,TV,,12,12,Completed,9,0000-00-00,2026-06-28,0,0,LOW,,
Tsuihou sareta Tensei Juukishi wa Game Chishiki de Musou suru,TV,,26,5,Watching,0,0000-00-00,0000-00-00,0,0,LOW,,
Tsuihousha Shokudou e Youkoso!,TV,,12,12,Completed,7,0000-00-00,0000-00-00,0,0,LOW,,
Tsuki ga Michibiku Isekai Douchuu,TV,,12,12,Completed,8,0000-00-00,0000-00-00,0,0,LOW,isekai,
Tsuki ga Michibiku Isekai Douchuu 2nd Season,TV,,25,12,On-Hold,0,0000-00-00,0000-00-00,0,0,LOW,isekai,
Tsuujou Kougeki ga Zentai Kougeki de Ni-kai Kougeki no Okaasan wa Suki desu ka?,TV,,12,12,Completed,3,0000-00-00,0000-00-00,0,0,LOW,isekai,
Tsuyokute New Saga,TV,,12,12,Completed,6,0000-00-00,0000-00-00,0,0,LOW,,
Tu Bian Yingxiong X,ONA,,24,4,Dropped,5,0000-00-00,0000-00-00,0,0,LOW,,
Uchuu Kyoudai,TV,,99,5,Dropped,4,0000-00-00,0000-00-00,0,0,LOW,,
Uchuu Senkan Yamato 2199,OVA,,26,26,Completed,10,0000-00-00,0000-00-00,0,0,LOW,,
Undead Unluck,TV,,24,2,Plan to Watch,0,0000-00-00,0000-00-00,0,0,LOW,,
Under Ninja,TV,,12,2,Dropped,0,0000-00-00,0000-00-00,0,0,LOW,,
Unnamed Memory,TV,,12,0,Plan to Watch,0,0000-00-00,0000-00-00,0,0,LOW,,
Uramichi Oniisan,TV,,13,1,Dropped,2,0000-00-00,0000-00-00,0,0,LOW,,
Uzumaki,TV,,4,0,Dropped,0,0000-00-00,0000-00-00,0,0,LOW,,
Vinland Saga,TV,,24,13,Dropped,0,0000-00-00,0000-00-00,0,0,LOW,,
Vivy: Fluorite Eye's Song,TV,,13,2,Dropped,0,0000-00-00,0000-00-00,0,0,LOW,,
Warau Arsnotoria Sun!,TV,,12,1,Dropped,0,0000-00-00,0000-00-00,0,0,LOW,,
Warau Salesman New,TV,,12,4,Dropped,4,0000-00-00,0000-00-00,0,0,LOW,,
Witch Watch,TV,,25,25,Completed,8,0000-00-00,0000-00-00,0,0,LOW,,
World Trigger,TV,,73,73,Completed,7,0000-00-00,0000-00-00,0,0,LOW,,
World Trigger 2nd Season,TV,,12,12,Completed,8,0000-00-00,0000-00-00,0,0,LOW,,
World Trigger 3rd Season,TV,,14,14,Completed,8,0000-00-00,0000-00-00,0,0,LOW,,
Xian Wang de Richang Shenghuo,ONA,,15,15,Completed,7,0000-00-00,0000-00-00,0,0,LOW,,
Xian Wang de Richang Shenghuo 2,ONA,,12,5,Dropped,0,0000-00-00,0000-00-00,0,0,LOW,,
Yakusoku no Neverland,TV,,12,12,Completed,8,0000-00-00,0000-00-00,0,0,LOW,,
Yamada-kun to 7-nin no Majo,TV,,12,12,Completed,5,0000-00-00,0000-00-00,0,0,LOW,anYme,
Yami Shibai,TV,,13,13,Completed,7,0000-00-00,0000-00-00,0,0,LOW,,
Yarinaoshi Reijou wa Ryuutei Heika wo Kouryakuchuu,TV,,12,12,Completed,5,0000-00-00,0000-00-00,0,0,LOW,,
Yasei no Last Boss ga Arawareta!,TV,,12,4,Dropped,3,0000-00-00,0000-00-00,0,0,LOW,isekai,
Yi Ren Zhi Xia,TV,,12,1,Dropped,0,0000-00-00,0000-00-00,0,0,LOW,,
Yi Ren Zhi Xia 2,ONA,,24,0,Dropped,0,0000-00-00,0000-00-00,0,0,LOW,,
Yofukashi no Uta,TV,,13,2,Dropped,0,0000-00-00,0000-00-00,0,0,LOW,,
Youjo Senki,TV,,12,12,Completed,8,0000-00-00,0000-00-00,0,0,LOW,,
Youkoso Jitsuryoku Shijou Shugi no Kyoushitsu e,TV,,12,0,Plan to Watch,0,0000-00-00,0000-00-00,0,0,LOW,,
Yuu☆Yuu☆Hakusho,TV,,112,6,Dropped,0,0000-00-00,0000-00-00,0,0,LOW,,
Yuusha ga Shinda!,TV,,12,5,Dropped,2,2023-04-06,0000-00-00,0,0,LOW,,
Yuusha no Kuzu,TV,,24,1,Dropped,0,0000-00-00,0000-00-00,0,0,LOW,,
"Yuusha Party ni Kawaii Ko ga Ita node, Kokuhaku shitemita.",TV,,13,4,Dropped,0,0000-00-00,0000-00-00,0,0,LOW,isekai,
Yuusha Party wo Oidasareta Kiyoubinbou,TV,,12,12,Completed,8,0000-00-00,0000-00-00,0,0,LOW,,
"Yuusha Party wo Tsuihou sareta Beast Tamer, Saikyoushu no Nekomimi Shoujo to Deau",TV,,13,13,Completed,4,0000-00-00,0000-00-00,0,0,LOW,,
"Yuusha Party wo Tsuihou sareta Shiromadoushi, S-Rank Boukensha ni Hirowareru: Kono Shiromadoushi ga Kikakugai Sugiru",TV,,12,12,Completed,6,0000-00-00,0000-00-00,0,0,LOW,isekai,
"Yuusha, Yamemasu",TV,,12,12,Completed,7,0000-00-00,0000-00-00,0,0,LOW,,
Yuusha-kei ni Shosu: Choubatsu Yuusha 9004-tai Keimu Kiroku,TV,,12,1,Dropped,0,0000-00-00,0000-00-00,0,0,LOW,,
Zanting! Rang Wo Cha Gonglue,ONA,,12,2,Dropped,3,0000-00-00,0000-00-00,0,0,LOW,isekai,
Zero no Tsukaima,TV,,13,13,Completed,7,0000-00-00,0000-00-00,0,0,LOW,isekai,
Zero no Tsukaima F,TV,,12,1,Dropped,0,0000-00-00,0000-00-00,0,0,LOW,isekai,
Zero no Tsukaima: Futatsuki no Kishi,TV,,12,12,Completed,7,0000-00-00,2018-12-10,0,0,LOW,isekai,
Zero no Tsukaima: Princesses no Rondo,TV,,12,12,Completed,7,0000-00-00,0000-00-00,0,0,LOW,isekai,
Zom 100: Zombie ni Naru made ni Shitai 100 no Koto,TV,,12,7,Dropped,0,0000-00-00,0000-00-00,0,0,LOW,,
