Position,Const,Created,Modified,Description,Title,Original Title,URL,Title Type,IMDb Rating,Runtime (mins),Year,Genres,Num Votes,Release Date,Directors,Your Rating,Date Rated,Sezon,Bölüm
1,tt2085059,2017-11-04,2017-11-04,,Black Mirror,Black Mirror,https://www.imdb.com/title/tt2085059/,TV Series,8.7,60,2011,"Crime, Drama, Mystery, Sci-Fi, Thriller",745857,2011-12-04,,10,2017-03-08,,
2,tt6263222,2017-11-04,2017-11-04,,Strong Girl Bong-soon,Him-ssen yeo-ja Do Bong-soon,https://www.imdb.com/title/tt6263222/,TV Series,8.1,67,2017,"Comedy, Crime, Drama, Fantasy, Romance, Sci-Fi",24412,2017-02-24,,8,2017-11-04,,
3,tt1355644,2017-11-04,2017-11-04,,Passengers,Passengers,https://www.imdb.com/title/tt1355644/,Movie,7.0,116,2016,"Drama, Romance, Sci-Fi, Thriller",503717,2016-12-21,Morten Tyldum,8,2017-11-04,,
4,tt0803096,2017-11-04,2017-11-04,,Warcraft,Warcraft,https://www.imdb.com/title/tt0803096/,Movie,6.7,123,2016,"Action, Adventure, Fantasy",297532,2016-06-10,Duncan Jones,8,2017-11-04,,
5,tt4695530,2017-11-04,2017-11-04,,People of Earth,People of Earth,https://www.imdb.com/title/tt4695530/,TV Series,7.7,30,2016,"Comedy, Mystery, Sci-Fi",8641,2016-10-31,,7,2017-11-04,,
6,tt1220719,2017-11-04,2017-11-04,,Ip Man,Ip Man,https://www.imdb.com/title/tt1220719/,Movie,8.0,106,2008,"Action, Biography, Drama, War",244891,2025-10-05,Wilson Yip,8,2018-08-20,,
7,tt1386932,2017-11-04,2017-11-04,,Ip Man 2,Yip Man 2,https://www.imdb.com/title/tt1386932/,Movie,7.5,108,2010,"Action, Biography, Drama, History",117596,2025-10-05,Wilson Yip,8,2018-08-20,,
8,tt2888046,2017-11-04,2017-11-04,,Ip Man 3,Yip Man 3,https://www.imdb.com/title/tt2888046/,Movie,7.0,105,2015,"Action, Biography, Crime, Drama, History",65319,2025-10-05,Wilson Yip,8,2018-08-20,,
9,tt1371630,2017-11-04,2017-11-04,,Air Doll,Kûki ningyô,https://www.imdb.com/title/tt1371630/,Movie,6.9,125,2009,"Drama, Fantasy, Romance",9199,2009-09-26,Hirokazu Koreeda,6,2018-08-20,,
10,tt0296042,2017-11-04,2017-11-04,,Ichi the Killer,Koroshiya 1,https://www.imdb.com/title/tt0296042/,Movie,6.9,129,2001,"Crime, Drama",64391,2001-12-22,Takashi Miike,7,2018-08-20,,
11,tt1216496,2017-11-04,2017-11-04,,Mother,Madeo,https://www.imdb.com/title/tt1216496/,Movie,7.7,129,2009,"Crime, Drama, Mystery, Thriller",81373,2009-05-28,Bong Joon Ho,9,2018-08-20,,
12,tt2061110,2017-11-04,2017-11-04,,Emperor of the Sea,Hae-sin,https://www.imdb.com/title/tt2061110/,TV Series,7.9,22,2004,"Action, Drama, History, War",1829,2004-11-24,,10,2018-08-20,,
13,tt2309828,2017-11-04,2017-11-04,,High Kick!,High Kick!,https://www.imdb.com/title/tt2309828/,TV Series,8.4,30,2006,"Comedy, Drama, Romance",661,2006-11-06,,10,2018-08-20,,
14,tt3385756,2017-11-04,2017-11-04,,Potato Star 2013QR3,Gamjabyul 2013QR3,https://www.imdb.com/title/tt3385756/,TV Series,7.5,,2013,"Comedy, Drama, Fantasy, Romance",115,2013-09-23,,5,2018-08-20,,
15,tt4973750,2017-11-04,2017-11-04,,Gag Concert,Gag Concert,https://www.imdb.com/title/tt4973750/,TV Series,7.0,,1999,"Comedy, Reality-TV",19,1999-09-04,,9,2018-08-20,,
16,tt4686328,2017-11-04,2017-11-04,,Ex-Girlfriend Club,Gooyeochinkeulreob,https://www.imdb.com/title/tt4686328/,TV Series,6.5,,2015,"Comedy, Romance",271,2015-05-08,,6,2018-08-20,,
17,tt6289530,2017-11-04,2017-11-04,,"Smile, You","Smile, You",https://www.imdb.com/title/tt6289530/,TV Series,7.5,65,2009,"Family, Romance",141,2009-09-26,,5,2018-08-20,,
18,tt2255085,2017-11-04,2017-11-04,,My Girlfriend Is a Gumiho,Nae Yeojachinguneun Gumiho,https://www.imdb.com/title/tt2255085/,TV Series,7.6,60,2010,"Comedy, Fantasy, Romance",4241,2010-08-11,,5,2018-08-20,,
19,tt3357418,2017-11-04,2017-11-04,,Marry Him If You Dare,Marry Him If You Dare,https://www.imdb.com/title/tt3357418/,TV Series,6.0,,2013,"Comedy, Fantasy, Romance",277,2013-10-14,,3,2018-08-20,,
20,tt2035741,2017-11-04,2017-11-04,,Assorted Gems,Assorted Gems,https://www.imdb.com/title/tt2035741/,TV Series,7.9,,2009,"Family, Romance",40,2009-09-05,,4,2018-08-20,,
21,tt3385484,2017-11-04,2017-11-04,,Let's Eat,Let's Eat,https://www.imdb.com/title/tt3385484/,TV Series,7.6,50,2013,"Comedy, Romance",732,2013-11-28,,6,2018-08-20,,
22,tt5356490,2017-11-04,2017-11-04,,Let's Eat!,Kai fan la!,https://www.imdb.com/title/tt5356490/,Movie,5.3,96,2016,Comedy,115,2016-02-04,Chapman To,4,2018-08-20,,
23,tt3566838,2017-11-04,2017-11-04,,Cunning Single Lady,Angkeumhan Dolshingnyeo,https://www.imdb.com/title/tt3566838/,TV Series,7.5,55,2014,"Comedy, Romance",1222,2014-02-27,,4,2018-08-20,,
24,tt3530644,2017-11-04,2017-11-04,,Emergency Couple,Eunggeubnamnyeo,https://www.imdb.com/title/tt3530644/,TV Series,7.4,60,2014,"Comedy, Drama, Romance",2094,2014-01-24,,3,2018-08-20,,
25,tt5182866,2017-11-04,2017-11-04,,Reply 1988,Eungdaphara 1988,https://www.imdb.com/title/tt5182866/,TV Series,9.0,90,2015,"Comedy, Drama, Family, Romance",19811,2015-11-05,,8,2018-08-20,,
26,tt3357586,2017-11-04,2017-11-04,,Reply 1994,Eung-dab-ha-ra 1994,https://www.imdb.com/title/tt3357586/,TV Series,7.7,75,2013,"Comedy, Drama, Romance",1950,2013-10-18,,8,2018-08-20,,
27,tt2782216,2017-11-04,2017-11-04,,Reply 1997,Eung-dab-ha-ra 1997,https://www.imdb.com/title/tt2782216/,TV Series,7.8,50,2012,"Comedy, Drama, Romance",2844,2012-07-24,,8,2018-08-20,,
28,tt2185220,2017-11-04,2017-11-04,,Queen In-hyun's Man,Queen In-hyun's Man,https://www.imdb.com/title/tt2185220/,TV Series,7.8,45,2012,"Fantasy, Romance",1468,2012-04-18,,7,2018-08-20,,
29,tt0940631,2017-11-04,2017-11-04,,"I Really, Really Like You",Jin-jja Jin-jja Jong-a-hae,https://www.imdb.com/title/tt0940631/,TV Mini Series,7.3,50,2006,"Comedy, Drama, Romance",67,2006-04-08,,3,2018-08-20,,
30,tt3284102,2017-11-04,2017-11-04,,The Prime Minister and I,Chongriwa Na,https://www.imdb.com/title/tt3284102/,TV Mini Series,6.7,,2013,"Drama, Romance",593,2013-12-09,,3,2018-08-20,,
31,tt4342564,2017-11-04,2017-11-04,,Heart to Heart,Hateu Too Hateu,https://www.imdb.com/title/tt4342564/,TV Series,7.3,,2015,"Comedy, Romance",219,2015-01-09,,4,2018-08-20,,
32,tt2365173,2017-11-04,2017-11-04,,GTO: Great Teacher Onizuka,GTO: Great Teacher Onizuka,https://www.imdb.com/title/tt2365173/,TV Series,7.5,50,2012,"Comedy, Drama",751,2012-07-03,,7,2018-08-20,,
33,tt0364569,2017-11-04,2017-11-04,,Oldboy,Oldeuboi,https://www.imdb.com/title/tt0364569/,Movie,8.3,120,2003,"Action, Drama, Mystery, Thriller",729018,2003-11-21,Park Chan-wook,10,2018-08-20,,
34,tt1165253,2017-11-04,2017-11-04,,Dream,Bimong,https://www.imdb.com/title/tt1165253/,Movie,6.5,95,2008,"Drama, Fantasy, Mystery, Romance",4190,2008-10-09,Kim Ki-duk,4,2026-08-16,,
35,tt1210837,2017-11-04,2017-11-04,,"Hello, Schoolgirl",Soon-jeong-man-hwa,https://www.imdb.com/title/tt1210837/,Movie,6.9,113,2008,"Comedy, Romance",1233,2008-11-27,Jang-ha Ryu,4,2018-08-20,,
36,tt0353969,2017-11-04,2017-11-04,,Memories of Murder,Salinui chueok,https://www.imdb.com/title/tt0353969/,Movie,8.1,131,2003,"Crime, Drama, Mystery, Thriller",273169,2003-05-02,Bong Joon Ho,8,2018-08-20,,
37,tt2969522,2017-11-04,2017-11-04,,Montage,Mong-ta-joo,https://www.imdb.com/title/tt2969522/,Movie,7.4,120,2013,"Crime, Mystery, Thriller",9246,2013-05-16,Jeong Geun-seop,6,2018-08-20,,
38,tt4080594,2017-11-04,2017-11-04,,My New Sassy Girl,Yeobgijeokin geunyeo 2,https://www.imdb.com/title/tt4080594/,Movie,4.5,99,2016,"Comedy, Romance",460,2016-04-22,Geun-shik Jo,3,2018-08-20,,
39,tt0341555,2017-11-04,2017-11-04,,Sex Is Zero,Saek-jeuk-shi-gong,https://www.imdb.com/title/tt0341555/,Movie,6.5,96,2002,"Comedy, Drama, Romance",6851,2002-12-13,JK Youn,7,2018-08-20,,
40,tt1556214,2017-11-04,2017-11-04,,Sex Is Zero 2,Saek-jeuk-shi-gong-ssi-zeun-too,https://www.imdb.com/title/tt1556214/,Movie,6.0,115,2007,"Comedy, Drama, Romance",1669,2007-12-12,Tae-yun Yoon,7,2018-08-20,,
41,tt0374546,2017-11-04,2017-11-04,,"Spring, Summer, Fall, Winter... and Spring",Bom yeoreum gaeul gyeoul geurigo bom,https://www.imdb.com/title/tt0374546/,Movie,8.0,103,2003,"Drama, Romance",91354,2004-05-28,Kim Ki-duk,8,2018-08-20,,
42,tt0451094,2017-11-04,2017-11-04,,Sympathy for Lady Vengeance,Chinjeolhan Geumjassi,https://www.imdb.com/title/tt0451094/,Movie,7.5,115,2005,"Crime, Drama, Thriller",94241,2005-07-29,Park Chan-wook,8,2018-08-20,,
43,tt0310775,2017-11-04,2017-11-04,,Sympathy for Mr. Vengeance,Boksuneun naui geot,https://www.imdb.com/title/tt0310775/,Movie,7.5,129,2002,"Crime, Drama, Thriller",82567,2002-03-29,Park Chan-wook,8,2018-08-20,,
44,tt1527788,2017-11-04,2017-11-04,,The Man from Nowhere,Ajeossi,https://www.imdb.com/title/tt1527788/,Movie,7.7,119,2010,"Action, Crime, Drama, Thriller",81338,2010-08-05,Lee Jeong-beom,7,2018-08-20,,
45,tt0423866,2017-11-04,2017-11-04,,3-Iron,Binjip,https://www.imdb.com/title/tt0423866/,Movie,7.9,88,2004,"Crime, Drama, Romance",61677,2004-10-15,Kim Ki-duk,8,2018-08-20,,
46,tt6770758,2017-11-04,2017-11-04,,"Daddy You, Daughter Me",Abbaneun Ddal,https://www.imdb.com/title/tt6770758/,Movie,6.4,115,2017,"Comedy, Drama, Family, Fantasy",590,2017-04-12,Hyung Hyup Kim,4,2018-08-20,,
47,tt4016934,2017-11-04,2017-11-04,,The Handmaiden,Ah-ga-ssi,https://www.imdb.com/title/tt4016934/,Movie,8.1,145,2016,"Drama, Romance, Thriller",207355,2017-09-02,Park Chan-wook,4,2018-08-20,,
48,tt5335382,2017-11-04,2017-11-04,,She Is 200 Years Old,She Is 200 Years Old,https://www.imdb.com/title/tt5335382/,TV Mini Series,5.6,10,2015,Romance,68,2015-10-27,,4,2018-08-20,,
49,tt0944947,2017-11-04,2017-11-04,,Game of Thrones,Game of Thrones,https://www.imdb.com/title/tt0944947/,TV Series,9.2,60,2011,"Drama, Fantasy",2650590,2011-04-17,,9,2018-05-08,,
50,tt4532368,2017-11-04,2017-11-04,,Legends of Tomorrow,Legends of Tomorrow,https://www.imdb.com/title/tt4532368/,TV Series,6.7,42,2016,"Action, Adventure, Drama, Sci-Fi",115203,2016-01-21,,6,2018-08-20,,
51,tt3107288,2017-11-04,2017-11-04,,The Flash,The Flash,https://www.imdb.com/title/tt3107288/,TV Series,7.5,43,2014,"Action, Adventure, Drama, Sci-Fi",387913,2014-10-07,,7,2018-08-20,,
52,tt6125832,2017-11-05,2017-11-05,,My Only Love Song,Ma-i On-li Leo-beu-song,https://www.imdb.com/title/tt6125832/,TV Series,6.9,30,2017,"Comedy, Fantasy, Romance",1012,2017-06-09,,4,2018-08-20,,
53,tt0182576,2017-11-05,2017-11-05,,Family Guy,Family Guy,https://www.imdb.com/title/tt0182576/,TV Series,8.1,22,1999,"Animation, Comedy",391255,1999-01-31,,5,2018-08-20,,
54,tt0121955,2017-11-05,2017-11-05,,South Park,South Park,https://www.imdb.com/title/tt0121955/,TV Series,8.7,22,1997,"Animation, Comedy",447142,1997-08-13,,9,2018-08-20,,
55,tt0158983,2017-11-05,2017-11-05,,"South Park: Bigger, Longer & Uncut","South Park: Bigger, Longer & Uncut",https://www.imdb.com/title/tt0158983/,Movie,7.7,81,1999,"Animation, Comedy, Fantasy, Musical",224220,1999-06-30,Trey Parker,7,2018-08-20,,
56,tt2861424,2017-11-05,2017-11-05,,Rick and Morty,Rick and Morty,https://www.imdb.com/title/tt2861424/,TV Series,9.0,23,2013,"Animation, Adventure, Comedy, Sci-Fi",708258,2013-12-02,,10,2018-08-20,,
57,tt0149460,2017-11-05,2017-11-05,,Futurama,Futurama,https://www.imdb.com/title/tt0149460/,TV Series,8.5,22,1999,"Animation, Adventure, Comedy, Sci-Fi",279912,1999-03-28,,10,2018-08-20,,
58,tt0898266,2017-11-05,2017-11-05,,The Big Bang Theory,The Big Bang Theory,https://www.imdb.com/title/tt0898266/,TV Series,8.1,22,2007,"Comedy, Romance",943762,2007-09-24,,7,2018-08-20,,
59,tt3230454,2017-11-05,2017-11-05,,The Last Man on Earth,The Last Man on Earth,https://www.imdb.com/title/tt3230454/,TV Series,7.4,22,2015,"Action, Comedy, Drama, Romance, Sci-Fi",68882,2015-03-01,,7,2018-08-20,,
60,tt4052886,2017-11-05,2017-11-05,,Lucifer,Lucifer,https://www.imdb.com/title/tt4052886/,TV Series,8.0,45,2016,"Crime, Drama, Fantasy",396449,2016-01-25,,5,2018-08-20,,
61,tt4158110,2017-11-05,2017-11-05,,Mr. Robot,Mr. Robot,https://www.imdb.com/title/tt4158110/,TV Series,8.5,45,2015,"Crime, Drama, Thriller",473014,2015-06-24,,8,2018-08-20,,
62,tt2384811,2017-11-05,2017-11-05,,Utopia,Utopia,https://www.imdb.com/title/tt2384811/,TV Series,8.4,50,2013,"Drama, Mystery, Sci-Fi, Thriller",56257,2013-01-15,,9,2018-08-20,,
63,tt3230854,2017-11-05,2017-11-05,,The Expanse,The Expanse,https://www.imdb.com/title/tt3230854/,TV Series,8.5,60,2015,"Drama, Mystery, Sci-Fi",194147,2015-11-23,,9,2026-01-02,,
64,tt3749900,2017-11-05,2017-11-05,,Gotham,Gotham,https://www.imdb.com/title/tt3749900/,TV Series,7.8,42,2014,"Action, Crime, Drama, Mystery, Sci-Fi, Thriller",252905,2014-09-22,,6,2018-05-08,,
65,tt1462059,2017-11-05,2017-11-05,,Falling Skies,Falling Skies,https://www.imdb.com/title/tt1462059/,TV Series,7.1,42,2011,"Action, Adventure, Drama, Sci-Fi, Thriller",99409,2011-06-19,,6,2018-08-20,,
66,tt3120568,2017-11-05,2017-11-05,,Darknet,Darknet,https://www.imdb.com/title/tt3120568/,TV Series,7.1,30,2013,"Horror, Thriller",2605,2013-10-15,,4,2018-08-20,,
67,tt3715854,2017-11-05,2017-11-05,,Bakuman,Bakuman,https://www.imdb.com/title/tt3715854/,Movie,6.9,119,2015,"Comedy, Drama",1920,2015-10-03,Hitoshi Ône,7,2018-08-20,,
68,tt5595168,2017-11-05,2017-11-05,,Kingsglaive: Final Fantasy XV,Kingsglaive: Final Fantasy XV,https://www.imdb.com/title/tt5595168/,Movie,6.7,110,2016,"Animation, Action, Adventure, Drama, Fantasy, Sci-Fi",24460,2016-07-09,Takeshi Nozue,6,2018-08-20,,
69,tt3696210,2017-11-06,2017-11-06,,The Plan Man,Peulraenmaen,https://www.imdb.com/title/tt3696210/,Movie,7.0,115,2014,"Comedy, Drama, Music, Romance",779,2014-01-09,Si-Heup Seong,5,2018-08-20,,
70,tt5586914,2017-11-06,2017-11-06,,Mood of the Day,Keunalui bonwigi,https://www.imdb.com/title/tt5586914/,Movie,6.7,103,2016,"Comedy, Romance",1728,2016-01-17,Jo Kyu-Jang,5,2018-08-20,,
71,tt1199099,2017-11-06,2017-11-06,,Merlin,Merlin,https://www.imdb.com/title/tt1199099/,TV Series,7.9,45,2008,"Adventure, Drama, Fantasy",94415,2009-06-21,,6,2018-08-20,,
72,tt4935110,2017-11-07,2017-11-07,,Collective Invention,Dol-yeon-byeon-i,https://www.imdb.com/title/tt4935110/,Movie,6.1,92,2015,"Comedy, Drama, Fantasy",686,2015-10-22,Oh-Kwang Kwon,2,2018-08-20,,
73,tt5358570,2017-11-07,2017-11-07,,Like for Likes,Joahaejwo,https://www.imdb.com/title/tt5358570/,Movie,6.4,120,2016,"Comedy, Romance",793,2016-02-17,Park Hyeon-jin,3,2018-08-20,,
74,tt1136608,2017-11-07,2017-11-07,,District 9,District 9,https://www.imdb.com/title/tt1136608/,Movie,7.9,112,2009,"Action, Sci-Fi, Thriller",756422,2009-08-14,Neill Blomkamp,9,2018-08-20,,
75,tt1535108,2017-11-07,2017-11-07,,Elysium,Elysium,https://www.imdb.com/title/tt1535108/,Movie,6.6,109,2013,"Action, Drama, Sci-Fi, Thriller",494263,2013-08-09,Neill Blomkamp,9,2018-08-20,,
76,tt0120737,2017-11-07,2017-11-07,,The Lord of the Rings: The Fellowship of the Ring,The Lord of the Rings: The Fellowship of the Ring,https://www.imdb.com/title/tt0120737/,Movie,8.9,178,2001,"Adventure, Drama, Fantasy",2229343,2001-12-19,Peter Jackson,8,2018-08-20,,
77,tt0167260,2017-11-07,2017-11-07,,The Lord of the Rings: The Return of the King,The Lord of the Rings: The Return of the King,https://www.imdb.com/title/tt0167260/,Movie,9.0,201,2003,"Adventure, Drama, Fantasy",2186029,2003-12-17,Peter Jackson,8,2018-08-20,,
78,tt0167261,2017-11-07,2017-11-07,,The Lord of the Rings: The Two Towers,The Lord of the Rings: The Two Towers,https://www.imdb.com/title/tt0167261/,Movie,8.8,179,2002,"Adventure, Drama, Fantasy",1977204,2002-12-18,Peter Jackson,8,2018-08-20,,
79,tt0903624,2017-11-07,2017-11-07,,The Hobbit: An Unexpected Journey,The Hobbit: An Unexpected Journey,https://www.imdb.com/title/tt0903624/,Movie,7.8,169,2012,"Adventure, Fantasy",935026,2012-12-14,Peter Jackson,7,2025-05-21,,
80,tt1170358,2017-11-07,2017-11-07,,The Hobbit: The Desolation of Smaug,The Hobbit: The Desolation of Smaug,https://www.imdb.com/title/tt1170358/,Movie,7.8,161,2013,"Adventure, Fantasy",759678,2013-12-13,Peter Jackson,8,2018-08-20,,
81,tt2310332,2017-11-07,2017-11-07,,The Hobbit: The Battle of the Five Armies,The Hobbit: The Battle of the Five Armies,https://www.imdb.com/title/tt2310332/,Movie,7.4,144,2014,"Adventure, Fantasy",623674,2014-12-17,Peter Jackson,8,2018-08-20,,
82,tt2267998,2017-11-07,2017-11-07,,Gone Girl,Gone Girl,https://www.imdb.com/title/tt2267998/,Movie,8.1,149,2014,"Drama, Mystery, Thriller",1183141,2014-10-03,David Fincher,7,2018-08-20,,
83,tt0119116,2017-11-07,2017-11-07,,The Fifth Element,Le cinquième élément,https://www.imdb.com/title/tt0119116/,Movie,7.6,126,1997,"Action, Adventure, Sci-Fi",550170,1997-05-09,Luc Besson,7,2018-08-20,,
84,tt0120804,2017-11-07,2017-11-07,,Resident Evil,Resident Evil,https://www.imdb.com/title/tt0120804/,Movie,6.6,100,2002,"Action, Horror, Sci-Fi",313654,2002-03-15,Paul W.S. Anderson,5,2018-08-20,,
85,tt0318627,2017-11-07,2017-11-07,,Resident Evil: Apocalypse,Resident Evil: Apocalypse,https://www.imdb.com/title/tt0318627/,Movie,6.1,94,2004,"Action, Horror, Sci-Fi, Thriller",223109,2004-09-10,Alexander Witt,5,2018-08-20,,
86,tt0432021,2017-11-07,2017-11-07,,Resident Evil: Extinction,Resident Evil: Extinction,https://www.imdb.com/title/tt0432021/,Movie,6.2,94,2007,"Action, Horror, Sci-Fi",217473,2007-09-21,Russell Mulcahy,5,2018-08-20,,
87,tt1220634,2017-11-07,2017-11-07,,Resident Evil: Afterlife,Resident Evil: Afterlife,https://www.imdb.com/title/tt1220634/,Movie,5.8,96,2010,"Action, Horror, Sci-Fi",189225,2010-09-10,Paul W.S. Anderson,5,2018-08-20,,
88,tt2592614,2017-11-07,2017-11-07,,Resident Evil: The Final Chapter,Resident Evil: The Final Chapter,https://www.imdb.com/title/tt2592614/,Movie,5.5,107,2016,"Action, Horror, Sci-Fi, Thriller",109724,2017-01-27,Paul W.S. Anderson,5,2018-08-20,,
89,tt0384537,2017-11-07,2017-11-07,,Silent Hill,Silent Hill,https://www.imdb.com/title/tt0384537/,Movie,6.5,125,2006,"Horror, Mystery",262668,2006-04-21,Christophe Gans,4,2018-08-20,,
90,tt0298130,2017-11-07,2017-11-07,,The Ring,The Ring,https://www.imdb.com/title/tt0298130/,Movie,7.1,115,2002,"Horror, Mystery",405563,2002-10-18,Gore Verbinski,6,2018-08-20,,
91,tt0953318,2017-11-07,2017-11-07,,Ben X,Ben X,https://www.imdb.com/title/tt0953318/,Movie,7.3,93,2007,"Drama, Thriller",19807,2007-09-26,Nic Balthazar,6,2026-08-16,,
92,tt0111161,2017-11-07,2017-11-07,,The Shawshank Redemption,The Shawshank Redemption,https://www.imdb.com/title/tt0111161/,Movie,9.3,142,1994,Drama,3225999,1994-10-14,Frank Darabont,7,2018-08-20,,
93,tt0068646,2017-11-07,2017-11-07,,The Godfather,The Godfather,https://www.imdb.com/title/tt0068646/,Movie,9.2,175,1972,"Crime, Drama",2248439,1972-03-24,Francis Ford Coppola,6,2018-08-20,,
94,tt0071562,2017-11-07,2017-11-07,,The Godfather Part II,The Godfather Part II,https://www.imdb.com/title/tt0071562/,Movie,9.0,202,1974,"Crime, Drama",1508216,1974-12-18,Francis Ford Coppola,6,2018-08-20,,
95,tt0099674,2017-11-07,2017-11-07,,The Godfather Part III,The Godfather Part III,https://www.imdb.com/title/tt0099674/,Movie,7.5,162,1990,"Crime, Drama",459311,1990-12-25,Francis Ford Coppola,5,2018-08-20,,
96,tt0468569,2017-11-07,2017-11-07,,The Dark Knight,The Dark Knight,https://www.imdb.com/title/tt0468569/,Movie,9.1,152,2008,"Crime, Thriller",3213620,2008-07-18,Christopher Nolan,8,2018-08-20,,
97,tt1345836,2017-11-07,2017-11-07,,The Dark Knight Rises,The Dark Knight Rises,https://www.imdb.com/title/tt1345836/,Movie,8.4,164,2012,"Crime, Thriller",2020506,2012-07-20,Christopher Nolan,8,2018-08-20,,
98,tt0110912,2017-11-07,2017-11-07,,Pulp Fiction,Pulp Fiction,https://www.imdb.com/title/tt0110912/,Movie,8.8,154,1994,"Crime, Drama",2459733,1994-10-14,Quentin Tarantino,9,2018-08-20,,
99,tt0137523,2017-11-07,2017-11-07,,Fight Club,Fight Club,https://www.imdb.com/title/tt0137523/,Movie,8.8,139,1999,"Crime, Drama, Thriller",2649691,1999-10-15,David Fincher,7,2018-08-20,,
100,tt0109830,2017-11-07,2017-11-07,,Forrest Gump,Forrest Gump,https://www.imdb.com/title/tt0109830/,Movie,8.8,142,1994,"Drama, Romance",2525552,1994-07-06,Robert Zemeckis,7,2018-08-20,,
101,tt0076759,2017-11-07,2017-11-07,,Star Wars: Episode IV - A New Hope,Star Wars,https://www.imdb.com/title/tt0076759/,Movie,8.6,121,1977,"Action, Adventure, Fantasy, Sci-Fi",1584178,1977-05-25,George Lucas,7,2018-08-20,,
102,tt0080684,2017-11-07,2017-11-07,,Star Wars: Episode V - The Empire Strikes Back,Star Wars: Episode V - The Empire Strikes Back,https://www.imdb.com/title/tt0080684/,Movie,8.7,124,1980,"Adventure, Fantasy, Sci-Fi",1519063,1980-06-18,Irvin Kershner,7,2018-08-20,,
103,tt0086190,2017-11-07,2017-11-07,,Star Wars: Episode VI - Return of the Jedi,Star Wars: Episode VI - Return of the Jedi,https://www.imdb.com/title/tt0086190/,Movie,8.3,131,1983,"Action, Adventure, Fantasy, Sci-Fi",1220700,1983-05-25,Richard Marquand,7,2018-08-20,,
104,tt2488496,2017-11-07,2017-11-07,,Star Wars: Episode VII - The Force Awakens,Star Wars: Episode VII - The Force Awakens,https://www.imdb.com/title/tt2488496/,Movie,7.7,138,2015,"Action, Adventure, Sci-Fi",1033407,2015-12-18,J.J. Abrams,5,2018-08-20,,
105,tt0121766,2017-11-07,2017-11-07,,Star Wars: Episode III - Revenge of the Sith,Star Wars: Episode III - Revenge of the Sith,https://www.imdb.com/title/tt0121766/,Movie,7.7,140,2005,"Action, Adventure, Fantasy, Sci-Fi",931576,2005-05-19,George Lucas,6,2018-08-20,,
106,tt0120915,2017-11-07,2017-11-07,,Star Wars: Episode I - The Phantom Menace,Star Wars: Episode I - The Phantom Menace,https://www.imdb.com/title/tt0120915/,Movie,6.5,136,1999,"Action, Adventure, Fantasy, Sci-Fi",936339,1999-05-19,George Lucas,4,2018-08-20,,
107,tt0121765,2017-11-07,2017-11-07,,Star Wars: Episode II - Attack of the Clones,Star Wars: Episode II - Attack of the Clones,https://www.imdb.com/title/tt0121765/,Movie,6.6,142,2002,"Action, Adventure, Fantasy, Sci-Fi",829281,2002-05-16,George Lucas,6,2018-08-20,,
108,tt1375666,2017-11-07,2017-11-07,,Inception,Inception,https://www.imdb.com/title/tt1375666/,Movie,8.8,148,2010,"Adventure, Sci-Fi, Thriller",2857139,2010-07-16,Christopher Nolan,7,2018-08-20,,
109,tt0133093,2017-11-07,2017-11-07,,The Matrix,The Matrix,https://www.imdb.com/title/tt0133093/,Movie,8.7,136,1999,"Action, Sci-Fi",2270349,1999-03-31,"Lana Wachowski, Lilly Wachowski",7,2018-08-20,,
110,tt0234215,2017-11-07,2017-11-07,,The Matrix Reloaded,The Matrix Reloaded,https://www.imdb.com/title/tt0234215/,Movie,7.2,138,2003,"Action, Sci-Fi",675173,2003-05-15,"Lana Wachowski, Lilly Wachowski",6,2018-08-20,,
111,tt0242653,2017-11-07,2017-11-07,,The Matrix Revolutions,The Matrix Revolutions,https://www.imdb.com/title/tt0242653/,Movie,6.7,129,2003,"Action, Sci-Fi",578956,2003-11-05,"Lana Wachowski, Lilly Wachowski",6,2018-08-20,,
112,tt0328832,2017-11-07,2017-11-07,,The Animatrix,The Animatrix,https://www.imdb.com/title/tt0328832/,Video,7.3,102,2003,"Animation, Action, Sci-Fi",91581,2003-04-17,"Peter Chung, Andrew R. Jones, Yoshiaki Kawajiri, Takeshi Koike, Mahiro Maeda, Kōji Morimoto, Shin'ichirō Watanabe",9,2018-08-20,,
113,tt0102926,2017-11-07,2017-11-07,,The Silence of the Lambs,The Silence of the Lambs,https://www.imdb.com/title/tt0102926/,Movie,8.6,118,1991,"Crime, Drama, Horror, Thriller",1742518,1991-02-14,Jonathan Demme,4,2018-08-20,,
114,tt0212985,2017-11-07,2017-11-07,,Hannibal,Hannibal,https://www.imdb.com/title/tt0212985/,Movie,6.8,131,2001,"Crime, Drama, Thriller",315828,2001-02-09,Ridley Scott,3,2018-08-20,,
115,tt0120815,2017-11-07,2017-11-07,,Saving Private Ryan,Saving Private Ryan,https://www.imdb.com/title/tt0120815/,Movie,8.6,169,1998,"Drama, War",1656732,1998-07-24,Steven Spielberg,3,2018-08-20,,
116,tt0120689,2017-11-07,2017-11-07,,The Green Mile,The Green Mile,https://www.imdb.com/title/tt0120689/,Movie,8.6,189,1999,"Crime, Drama, Fantasy, Mystery",1579139,1999-12-10,Frank Darabont,4,2018-08-20,,
117,tt0253474,2017-11-07,2017-11-07,,The Pianist,The Pianist,https://www.imdb.com/title/tt0253474/,Movie,8.5,150,2002,"Biography, Drama, Music, War",1021537,2003-03-28,Roman Polanski,3,2018-08-24,,
118,tt0172495,2017-11-07,2017-11-07,,Gladiator,Gladiator,https://www.imdb.com/title/tt0172495/,Movie,8.5,155,2000,"Action, Adventure, Drama",1874323,2000-05-05,Ridley Scott,6,2018-08-20,,
119,tt0482571,2017-11-07,2017-11-07,,The Prestige,The Prestige,https://www.imdb.com/title/tt0482571/,Movie,8.5,130,2006,"Drama, Mystery, Sci-Fi, Thriller",1617388,2006-10-20,Christopher Nolan,6,2018-08-24,,
120,tt0078748,2017-11-07,2017-11-07,,Alien,Alien,https://www.imdb.com/title/tt0078748/,Movie,8.4,117,1979,"Horror, Sci-Fi",1073523,1979-06-22,Ridley Scott,6,2018-08-20,,
121,tt0910970,2017-11-07,2017-11-07,,WALL·E,WALL·E,https://www.imdb.com/title/tt0910970/,Movie,8.4,98,2008,"Animation, Adventure, Family, Sci-Fi",1336965,2008-06-27,Andrew Stanton,8,2018-08-20,,
122,tt0112573,2017-11-07,2017-11-07,,Braveheart,Braveheart,https://www.imdb.com/title/tt0112573/,Movie,8.3,178,1995,"Drama, War",1169688,1995-05-24,Mel Gibson,7,2018-08-20,,
123,tt0211915,2017-11-07,2017-11-07,,Amélie,Le Fabuleux Destin d'Amélie Poulain,https://www.imdb.com/title/tt0211915/,Movie,8.2,122,2001,"Comedy, Romance",845252,2002-02-08,Jean-Pierre Jeunet,6,2018-08-20,,
124,tt0338013,2017-11-07,2017-11-07,,Eternal Sunshine of the Spotless Mind,Eternal Sunshine of the Spotless Mind,https://www.imdb.com/title/tt0338013/,Movie,8.3,108,2004,"Drama, Romance, Sci-Fi",1192678,2004-03-19,Michel Gondry,8,2018-08-20,,
125,tt1049413,2017-11-07,2017-11-07,,Up,Up,https://www.imdb.com/title/tt1049413/,Movie,8.3,96,2009,"Animation, Adventure, Comedy, Drama, Family",1251416,2009-05-29,"Pete Docter, Bob Peterson",8,2018-08-20,,
126,tt7278588,2017-11-08,2017-11-08,,Because This Is My First Life,Ibeon Saengeun Cheoeumira,https://www.imdb.com/title/tt7278588/,TV Series,8.0,70,2017,"Comedy, Drama, Romance",11309,2017-10-08,,4,2018-08-20,,
127,tt5768840,2017-11-10,2017-11-10,,"Bring It On, Ghost",Ssawooja Gwishina,https://www.imdb.com/title/tt5768840/,TV Series,7.6,60,2016,"Comedy, Fantasy, Horror, Romance",4335,2016-07-11,,7,2018-08-20,,
128,tt5189944,2017-11-13,2017-11-13,,Oh My Venus,O mai Bineoseu,https://www.imdb.com/title/tt5189944/,TV Series,7.7,60,2015,"Comedy, Drama, Romance",8434,2015-11-16,,5,2018-08-20,,
129,tt6824234,2017-11-17,2017-11-17,,Fight for My Way,Ssam maiwei,https://www.imdb.com/title/tt6824234/,TV Series,8.0,70,2017,"Comedy, Romance",12751,2017-05-21,,5,2018-08-20,,
130,tt5546516,2017-11-17,2017-11-17,,My Little Baby,Mai Li-teul Bei-bi,https://www.imdb.com/title/tt5546516/,TV Series,6.4,45,2016,"Comedy, Drama",143,2016-03-05,,4,2018-08-20,,
131,tt7094874,2017-11-18,2017-11-18,,Live Up to Your Name,Myeongbulheojeon,https://www.imdb.com/title/tt7094874/,TV Series,7.9,60,2017,"Comedy, Drama, Fantasy, Romance",2359,2017-08-12,,6,2018-08-20,,
132,tt6720154,2017-11-19,2017-11-19,,Suspicious Partner,Soosanghan Pateuneo,https://www.imdb.com/title/tt6720154/,TV Series,7.7,30,2017,"Comedy, Crime, Drama, Romance, Thriller",10013,2017-05-10,,5,2018-08-20,,
133,tt5567616,2017-11-21,2017-11-21,,Ms. Temper & Nam Jung-Gi,Ukssi Namjeonggi,https://www.imdb.com/title/tt5567616/,TV Series,7.1,,2016,Drama,354,2016-03-18,,5,2018-08-20,,
134,tt5497708,2017-11-22,2017-11-22,,"Please Come Back, Mister",Dolawayo Ajjeossi,https://www.imdb.com/title/tt5497708/,TV Series,7.2,60,2016,"Comedy, Drama, Fantasy, Romance",817,2016-02-24,,4,2018-08-20,,
135,tt5260106,2017-11-25,2017-11-25,,Imaginary Cat,Sang-sang-go-yang-i,https://www.imdb.com/title/tt5260106/,TV Mini Series,6.6,,2015,"Comedy, Fantasy, Romance",161,2015-11-24,,5,2018-08-20,,
136,tt6257622,2017-11-25,2017-11-25,,Naesungjukin Boseu,Naesungjukin Boseu,https://www.imdb.com/title/tt6257622/,TV Series,7.1,70,2017,"Comedy, Drama, Romance",2261,2017-01-16,,5,2018-08-20,,
137,tt7022748,2017-11-29,2017-11-29,,Strongest Deliveryman,Choikang Baedalggun,https://www.imdb.com/title/tt7022748/,TV Series,7.2,55,2017,"Drama, Romance",1307,2017-08-04,,5,2018-08-20,,
138,tt7418578,2017-12-01,2017-12-01,,Go Back Couple,Gobaekbubu,https://www.imdb.com/title/tt7418578/,TV Mini Series,8.1,70,2017,"Drama, Fantasy, Romance",2362,2017-10-13,,5,2018-08-20,,
139,tt6352982,2017-12-03,2017-12-03,,Good Manager,Kim Gwajang,https://www.imdb.com/title/tt6352982/,TV Series,7.9,60,2017,"Comedy, Drama",2229,2017-01-25,,5,2018-08-20,,
140,tt5705896,2017-12-05,2017-12-05,,Beautiful Gong Shim,Minyeo Gongsimi,https://www.imdb.com/title/tt5705896/,TV Series,7.3,70,2016,"Comedy, Crime, Drama, Romance",1669,2016-05-14,,3,2026-08-16,,
141,tt0286112,2017-12-27,2017-12-27,,Shaolin Soccer,Siu Lam juk kau,https://www.imdb.com/title/tt0286112/,Movie,7.3,87,2001,"Action, Comedy, Fantasy, Sport",98403,2001-07-05,Stephen Chow,7,2017-12-27,,
142,tt5519340,2017-12-27,2017-12-27,,Bright,Bright,https://www.imdb.com/title/tt5519340/,Movie,6.3,117,2017,"Action, Fantasy, Thriller",210692,2017-12-22,David Ayer,7,2025-05-21,,
143,tt3501632,2018-05-07,2018-05-07,,Thor: Ragnarok,Thor: Ragnarok,https://www.imdb.com/title/tt3501632/,Movie,7.9,130,2017,"Action, Adventure, Comedy, Fantasy, Sci-Fi",908198,2017-11-03,Taika Waititi,7,2018-05-07,,
144,tt5580390,2018-05-07,2018-05-07,,The Shape of Water,The Shape of Water,https://www.imdb.com/title/tt5580390/,Movie,7.3,123,2017,"Drama, Fantasy, Romance, Sci-Fi",479258,2017-12-22,Guillermo del Toro,2,2018-05-02,,
145,tt4773438,2018-05-07,2018-05-07,,Psychic Kusuo,Saiki Kusuo no sai-nan,https://www.imdb.com/title/tt4773438/,Movie,5.6,97,2017,Comedy,855,2017-10-21,Yūichi Fukuda,8,2018-05-07,,
146,tt1392190,2018-05-07,2018-05-07,,Mad Max: Fury Road,Mad Max: Fury Road,https://www.imdb.com/title/tt1392190/,Movie,8.1,120,2015,"Action, Adventure, Sci-Fi",1217441,2015-05-15,George Miller,8,2018-05-07,,
147,tt0079501,2018-05-07,2018-05-07,,Mad Max,Mad Max,https://www.imdb.com/title/tt0079501/,Movie,6.8,88,1979,"Action, Adventure, Sci-Fi, Thriller",246498,1980-03-21,George Miller,7,2018-08-20,,
148,tt0082694,2018-05-07,2018-05-07,,The Road Warrior,Mad Max 2,https://www.imdb.com/title/tt0082694/,Movie,7.6,96,1981,"Action, Adventure, Sci-Fi, Thriller",214675,1982-05-21,George Miller,7,2018-08-20,,
149,tt0089530,2018-05-07,2018-05-07,,Mad Max: Beyond Thunderdome,Mad Max Beyond Thunderdome,https://www.imdb.com/title/tt0089530/,Movie,6.2,107,1985,"Action, Adventure, Sci-Fi",163277,1985-07-10,"George Miller, George Ogilvie",6,2018-08-20,,
150,tt1790809,2018-05-07,2018-05-07,,Pirates of the Caribbean: Dead Men Tell No Tales,Pirates of the Caribbean: Dead Men Tell No Tales,https://www.imdb.com/title/tt1790809/,Movie,6.5,129,2017,"Action, Adventure, Fantasy",390140,2017-05-26,"Joachim Rønning, Espen Sandberg",6,2018-05-07,,
151,tt5232792,2018-05-07,2018-05-07,,Lost in Space,Lost in Space,https://www.imdb.com/title/tt5232792/,TV Series,7.3,60,2018,"Adventure, Drama, Family, Mystery, Sci-Fi",114328,2018-04-13,,1,2018-05-07,,
152,tt8083950,2018-07-05,2018-07-05,,Miracle That We Met,Wooriga Mannan Kijeok,https://www.imdb.com/title/tt8083950/,TV Series,7.6,60,2018,Drama,214,2018-04-02,,5,2018-07-20,,
153,tt7521734,2018-07-05,2018-07-05,,Meloholic,Meloholic,https://www.imdb.com/title/tt7521734/,TV Series,6.3,60,2017,"Drama, Mystery, Romance",246,2017-11-06,,4,2018-07-20,,
154,tt7099334,2018-07-05,2018-07-05,,A Korean Odyssey,Hwayugi,https://www.imdb.com/title/tt7099334/,TV Series,7.9,75,2017,"Comedy, Fantasy, Horror, Romance",7277,2019-03-05,,7,2018-07-20,,
155,tt5320412,2018-07-20,2018-07-20,,Moon Lovers: Scarlet Heart Ryeo,Dalui Yeonin - Bobogyungsim Ryeo,https://www.imdb.com/title/tt5320412/,TV Series,8.6,60,2016,"Action, Drama, Fantasy, Romance",15866,2016-08-29,,7,2025-05-21,,
156,tt7890304,2018-07-20,2018-07-20,,Welcome to Waikiki,Eulachacha Waikiki,https://www.imdb.com/title/tt7890304/,TV Series,8.2,65,2018,"Comedy, Drama",5041,2018-02-05,,6,2018-07-20,,
157,tt6405196,2018-07-20,2018-07-20,,Father Is Strange,Abeojiga Isanghae,https://www.imdb.com/title/tt6405196/,TV Series,8.1,66,2017,"Comedy, Drama, Family, Romance",978,2017-03-04,,4,2018-07-20,,
158,tt4154756,2018-08-17,2018-08-17,,Avengers: Infinity War,Avengers: Infinity War,https://www.imdb.com/title/tt4154756/,Movie,8.4,149,2018,"Action, Adventure, Sci-Fi",1400840,2018-04-27,"Anthony Russo, Joe Russo",7,2018-08-17,,
159,tt5463162,2018-08-17,2018-08-17,,Deadpool 2,Deadpool 2,https://www.imdb.com/title/tt5463162/,Movie,7.6,119,2018,"Action, Adventure, Comedy, Sci-Fi",754342,2018-05-18,David Leitch,6,2018-08-17,,
160,tt0276919,2018-08-18,2018-08-18,,Dogville,Dogville,https://www.imdb.com/title/tt0276919/,Movie,8.0,171,2003,"Crime, Drama",168586,2004-04-23,Lars von Trier,8,2018-08-18,,
161,tt5646594,2018-08-19,2018-08-19,,Hwarang: The Poet Warrior Youth,Hwarang,https://www.imdb.com/title/tt5646594/,TV Series,8.0,60,2016,"Action, Comedy, Drama, History, Romance",7664,2016-12-19,,7,2018-08-19,,
162,tt5646548,2018-08-19,2018-08-19,,Mirror of the Witch,Manyeo Bogam,https://www.imdb.com/title/tt5646548/,TV Series,6.9,,2016,"Adventure, Drama, Fantasy, History, Mystery, Romance",593,2016-05-13,,6,2018-08-19,,
163,tt0096928,2018-08-19,2018-08-19,,Bill & Ted's Excellent Adventure,Bill & Ted's Excellent Adventure,https://www.imdb.com/title/tt0096928/,Movie,6.9,90,1989,"Adventure, Comedy, Music, Romance, Sci-Fi",150622,1989-02-17,Stephen Herek,1,2018-08-19,,
164,tt5994364,2018-08-19,2018-08-19,,Guardian: The Lonely and Great God,Sseulsseulhago charanhasindoggaebi,https://www.imdb.com/title/tt5994364/,TV Mini Series,8.5,120,2016,"Comedy, Drama, Fantasy, Romance",38278,2016-12-02,,6,2018-08-19,,
165,tt8242904,2018-08-19,2018-08-19,,What's Wrong with Secretary Kim,Kimbiseoga wae geureolkka,https://www.imdb.com/title/tt8242904/,TV Series,8.0,60,2018,"Comedy, Mystery, Romance",26038,2018-06-06,,6,2018-08-19,,
166,tt0361748,2018-08-20,2018-08-20,,Inglourious Basterds,Inglourious Basterds,https://www.imdb.com/title/tt0361748/,Movie,8.4,153,2009,"Drama, War",1810870,2009-08-21,Quentin Tarantino,1,2018-08-20,,
167,tt2543164,2018-08-20,2018-08-20,,Arrival,Arrival,https://www.imdb.com/title/tt2543164/,Movie,7.9,116,2016,"Drama, Mystery, Sci-Fi",875815,2016-11-11,Denis Villeneuve,8,2018-08-20,,
168,tt1343727,2018-08-20,2018-08-20,,Dredd,Dredd,https://www.imdb.com/title/tt1343727/,Movie,7.1,95,2012,"Action, Crime, Sci-Fi",314243,2012-09-21,Pete Travis,7,2018-08-20,,
169,tt0363163,2018-08-20,2018-08-20,,Downfall,Der Untergang,https://www.imdb.com/title/tt0363163/,Movie,8.2,156,2004,"Biography, Drama, History, War",403060,2005-04-08,Oliver Hirschbiegel,9,2018-08-20,,
170,tt0052618,2018-08-20,2018-08-20,,Ben-Hur,Ben-Hur,https://www.imdb.com/title/tt0052618/,Movie,8.1,212,1959,"Adventure, Drama",272884,1959-11-18,William Wyler,9,2018-08-20,,
171,tt2638144,2018-08-20,2018-08-20,,Ben-Hur,Ben-Hur,https://www.imdb.com/title/tt2638144/,Movie,5.7,123,2016,"Action, Adventure, Drama, Romance",50456,2016-08-19,Timur Bekmambetov,5,2018-08-20,,
172,tt0109040,2018-08-20,2018-08-20,,Ace Ventura: Pet Detective,Ace Ventura: Pet Detective,https://www.imdb.com/title/tt0109040/,Movie,6.9,86,1994,Comedy,357165,1994-02-04,Tom Shadyac,6,2018-08-20,,
173,tt1120985,2018-08-20,2018-08-20,,Blue Valentine,Blue Valentine,https://www.imdb.com/title/tt1120985/,Movie,7.3,112,2010,"Drama, Romance",227834,2011-01-28,Derek Cianfrance,6,2018-08-20,,
174,tt1323594,2018-08-20,2018-08-20,,Despicable Me,Despicable Me,https://www.imdb.com/title/tt1323594/,Movie,7.6,95,2010,"Animation, Adventure, Comedy, Crime, Family, Sci-Fi",639313,2010-07-09,"Pierre Coffin, Chris Renaud",7,2018-08-20,,
175,tt1690953,2018-08-20,2018-08-20,,Despicable Me 2,Despicable Me 2,https://www.imdb.com/title/tt1690953/,Movie,7.3,98,2013,"Animation, Adventure, Comedy, Crime, Family, Sci-Fi",464398,2013-07-03,"Pierre Coffin, Chris Renaud",7,2018-08-20,,
176,tt3469046,2018-08-20,2018-08-20,,Despicable Me 3,Despicable Me 3,https://www.imdb.com/title/tt3469046/,Movie,6.3,90,2017,"Animation, Adventure, Comedy, Crime, Family, Sci-Fi",185219,2017-06-30,"Kyle Balda, Pierre Coffin, Eric Guillon",7,2018-08-20,,
177,tt1375670,2018-08-20,2018-08-20,,Grown Ups,Grown Ups,https://www.imdb.com/title/tt1375670/,Movie,6.0,102,2010,Comedy,317907,2010-06-25,Dennis Dugan,5,2018-08-20,,
178,tt2191701,2018-08-20,2018-08-20,,Grown Ups 2,Grown Ups 2,https://www.imdb.com/title/tt2191701/,Movie,5.4,101,2013,Comedy,193997,2013-07-12,Dennis Dugan,4,2018-08-20,,
179,tt0238380,2018-08-20,2018-08-20,,Equilibrium,Equilibrium,https://www.imdb.com/title/tt0238380/,Movie,7.3,107,2002,"Action, Drama, Sci-Fi, Thriller",364354,2002-12-06,Kurt Wimmer,8,2018-08-20,,
180,tt1450321,2018-08-20,2018-08-20,,Filth,Filth,https://www.imdb.com/title/tt1450321/,Movie,7.0,97,2013,"Action, Comedy, Crime, Drama",122949,2014-04-24,Jon S. Baird,8,2018-08-20,,
181,tt1454468,2018-08-20,2018-08-20,,Gravity,Gravity,https://www.imdb.com/title/tt1454468/,Movie,7.7,91,2013,"Drama, Sci-Fi, Thriller",904767,2013-10-04,Alfonso Cuarón,8,2018-08-20,,
182,tt1492842,2018-08-20,2018-08-20,,Forgetting the Girl,Forgetting the Girl,https://www.imdb.com/title/tt1492842/,Movie,5.2,85,2012,"Drama, Thriller",1092,2012-03-02,Nate Taylor,5,2018-08-20,,
183,tt1698648,2018-08-20,2018-08-20,,Girl Most Likely,Girl Most Likely,https://www.imdb.com/title/tt1698648/,Movie,5.7,103,2012,Comedy,16523,2013-07-18,"Shari Springer Berman, Robert Pulcini",4,2018-08-20,,
184,tt0758758,2018-08-20,2018-08-20,,Into the Wild,Into the Wild,https://www.imdb.com/title/tt0758758/,Movie,8.0,148,2007,"Adventure, Biography, Drama",698567,2007-10-19,Sean Penn,7,2018-08-20,,
185,tt1798709,2018-08-20,2018-08-20,,Her,Her,https://www.imdb.com/title/tt1798709/,Movie,8.0,126,2013,"Drama, Romance, Sci-Fi",732114,2014-01-10,Spike Jonze,6,2018-08-20,,
186,tt1959409,2018-08-20,2018-08-20,,Imaginaerum,Imaginaerum,https://www.imdb.com/title/tt1959409/,Movie,6.1,86,2012,"Drama, Fantasy, Musical",6850,2012-11-23,"Stobe Harju, Mark Roper",5,2018-08-20,,
187,tt1390411,2018-08-20,2018-08-20,,In the Heart of the Sea,In the Heart of the Sea,https://www.imdb.com/title/tt1390411/,Movie,6.9,122,2015,"Action, Adventure, Biography, Drama, History",160315,2015-12-11,Ron Howard,6,2018-08-20,,
188,tt0435705,2018-08-20,2018-08-20,,Next,Next,https://www.imdb.com/title/tt0435705/,Movie,6.2,96,2007,"Action, Sci-Fi, Thriller",175964,2007-04-27,Lee Tamahori,6,2018-08-20,,
189,tt1772317,2018-08-20,2018-08-20,,Nerve,Nerve,https://www.imdb.com/title/tt1772317/,Movie,5.6,83,2011,"Comedy, Drama",118,2011-12-07,J.R. Sawyers,6,2018-08-20,,
190,tt0081505,2018-08-22,2018-08-22,,The Shining,The Shining,https://www.imdb.com/title/tt0081505/,Movie,8.4,146,1980,"Drama, Horror",1239155,1980-06-13,Stanley Kubrick,7,2018-08-24,,
191,tt0120663,2018-08-22,2018-08-22,,Eyes Wide Shut,Eyes Wide Shut,https://www.imdb.com/title/tt0120663/,Movie,7.5,159,1999,"Drama, Mystery, Thriller",436078,1999-07-16,Stanley Kubrick,8,2018-08-22,,
192,tt0063522,2018-08-23,2018-08-23,,Rosemary's Baby,Rosemary's Baby,https://www.imdb.com/title/tt0063522/,Movie,8.0,137,1968,"Drama, Horror",260286,1968-06-12,Roman Polanski,5,2018-08-23,,
193,tt0114814,2018-08-23,2018-08-23,,The Usual Suspects,The Usual Suspects,https://www.imdb.com/title/tt0114814/,Movie,8.5,106,1995,"Crime, Drama, Mystery, Thriller",1249634,1995-08-16,Bryan Singer,4,2018-08-24,,
194,tt0072684,2018-08-24,2018-08-24,,Barry Lyndon,Barry Lyndon,https://www.imdb.com/title/tt0072684/,Movie,8.1,185,1975,"Adventure, Drama, War",207472,1975-12-18,Stanley Kubrick,9,2018-08-24,,
195,tt0169547,2018-08-24,2018-08-24,,American Beauty,American Beauty,https://www.imdb.com/title/tt0169547/,Movie,8.3,122,1999,Drama,1285977,1999-10-01,Sam Mendes,6,2018-08-24,,
196,tt0090605,2018-08-24,2018-08-24,,Aliens,Aliens,https://www.imdb.com/title/tt0090605/,Movie,8.4,137,1986,"Action, Adventure, Horror, Sci-Fi, Thriller",846049,1986-07-18,James Cameron,7,2018-08-24,,
197,tt2531344,2018-08-24,2018-08-24,,Blockers,Blockers,https://www.imdb.com/title/tt2531344/,Movie,6.2,102,2018,"Comedy, Drama",92588,2018-04-06,Kay Cannon,1,2018-08-24,,
198,tt2034800,2018-08-24,2018-08-24,,The Great Wall,The Great Wall,https://www.imdb.com/title/tt2034800/,Movie,5.9,103,2016,"Action, Adventure, Fantasy, Thriller",160827,2017-02-17,Yimou Zhang,6,2018-08-24,,
199,tt1677720,2018-08-25,2018-08-25,,Ready Player One,Ready Player One,https://www.imdb.com/title/tt1677720/,Movie,7.4,140,2018,"Action, Adventure, Sci-Fi",549123,2018-03-29,Steven Spielberg,9,2018-08-25,,
200,tt0066921,2018-08-25,2018-08-25,,A Clockwork Orange,A Clockwork Orange,https://www.imdb.com/title/tt0066921/,Movie,8.2,136,1971,"Crime, Sci-Fi",942571,1972-02-02,Stanley Kubrick,8,2018-08-25,,
201,tt0093058,2018-08-25,2018-08-25,,Full Metal Jacket,Full Metal Jacket,https://www.imdb.com/title/tt0093058/,Movie,8.2,116,1987,"Drama, War",857150,1987-07-10,Stanley Kubrick,6,2018-08-25,,
202,tt0118583,2018-08-25,2018-08-25,,Alien: Resurrection,Alien: Resurrection,https://www.imdb.com/title/tt0118583/,Movie,6.2,109,1997,"Action, Horror, Sci-Fi",293915,1997-11-26,Jean-Pierre Jeunet,5,2018-08-25,,
203,tt0103644,2018-08-25,2018-08-25,,Alien³,Alien³,https://www.imdb.com/title/tt0103644/,Movie,6.4,114,1992,"Action, Horror, Sci-Fi",354946,1992-05-22,David Fincher,5,2018-08-25,,
204,tt0370263,2018-08-25,2018-08-25,,Alien vs. Predator,AVP: Alien vs. Predator,https://www.imdb.com/title/tt0370263/,Movie,5.7,101,2004,"Action, Adventure, Horror, Sci-Fi, Thriller",234594,2004-08-13,Paul W.S. Anderson,4,2018-08-25,,
205,tt2316204,2018-08-25,2018-08-25,,Alien: Covenant,Alien: Covenant,https://www.imdb.com/title/tt2316204/,Movie,6.4,122,2017,"Horror, Sci-Fi, Thriller",348093,2017-05-19,Ridley Scott,1,2018-08-25,,
206,tt0094631,2018-08-25,2018-08-25,,Alien Nation,Alien Nation,https://www.imdb.com/title/tt0094631/,Movie,6.3,91,1988,"Action, Sci-Fi",17950,1988-10-07,Graham Baker,5,2018-08-25,,
207,tt1536537,2018-08-26,2018-08-26,,What Happened to Monday,What Happened to Monday,https://www.imdb.com/title/tt1536537/,Movie,6.8,123,2017,"Action, Crime, Fantasy, Mystery, Sci-Fi, Thriller",145932,2017-08-18,Tommy Wirkola,7,2018-08-26,,
208,tt0142688,2018-08-26,2018-08-26,,The Ninth Gate,The Ninth Gate,https://www.imdb.com/title/tt0142688/,Movie,6.7,133,1999,"Mystery, Thriller",211576,2000-03-10,Roman Polanski,6,2018-08-26,,
209,tt5363918,2018-09-06,2018-09-06,,Disenchantment,Disenchantment,https://www.imdb.com/title/tt5363918/,TV Series,7.2,30,2018,"Animation, Action, Adventure, Comedy, Fantasy, Horror, Romance, Sci-Fi",80951,2018-08-17,,3,2018-09-06,,
210,tt6499752,2018-11-22,2018-11-22,,Upgrade,Upgrade,https://www.imdb.com/title/tt6499752/,Movie,7.5,100,2018,"Action, Sci-Fi, Thriller",237196,2018-06-01,Leigh Whannell,9,2018-11-22,,
211,tt4123430,2018-11-22,2018-11-22,,Fantastic Beasts: The Crimes of Grindelwald,Fantastic Beasts: The Crimes of Grindelwald,https://www.imdb.com/title/tt4123430/,Movie,6.5,134,2018,"Adventure, Family, Fantasy",334179,2018-11-16,David Yates,6,2025-05-21,,
212,tt7668518,2018-12-15,2018-12-15,,The Protector,Hakan: Muhafiz,https://www.imdb.com/title/tt7668518/,TV Series,6.4,45,2018,"Action, Adventure, Drama, Fantasy, Romance, Thriller",37970,2018-12-14,,6,2023-02-02,,
213,tt7701694,2019-01-06,2019-01-06,,Mob Psycho 100,Mob Psycho 100,https://www.imdb.com/title/tt7701694/,TV Series,5.2,24,2018,"Action, Comedy, Sci-Fi, Thriller",727,2018-01-12,,5,2019-01-06,,
214,tt7573024,2019-01-06,2019-01-06,,Creeped Out,Creeped Out,https://www.imdb.com/title/tt7573024/,TV Series,6.6,30,2017,"Adventure, Drama, Family, Fantasy, Horror, Mystery, Sci-Fi, Thriller",3045,2017-11-21,,2,2019-01-06,,
215,tt9495224,2019-01-06,2019-01-06,,Black Mirror: Bandersnatch,Black Mirror: Bandersnatch,https://www.imdb.com/title/tt9495224/,Movie,7.1,90,2018,"Drama, Fantasy, Mystery, Sci-Fi, Thriller",143754,2018-12-28,David Slade,6,2019-01-06,,
216,tt8755226,2019-11-06,2019-11-06,,Daybreak,Daybreak,https://www.imdb.com/title/tt8755226/,TV Series,6.7,,2019,"Action, Adventure, Comedy, Drama, Fantasy, Horror, Mystery, Sci-Fi, Thriller",26533,2019-10-24,,7,2019-11-06,,
217,tt8369840,2019-11-06,2019-11-06,,Another Life,Another Life,https://www.imdb.com/title/tt8369840/,TV Series,5.3,43,2019,"Adventure, Drama, Mystery, Sci-Fi, Thriller",40711,2019-07-25,,1,2019-11-06,,
218,tt6257970,2019-11-06,2019-11-06,,The End of the F***ing World,The End of the F***ing World,https://www.imdb.com/title/tt6257970/,TV Series,8.0,25,2017,"Adventure, Comedy, Crime, Drama, Romance, Thriller",248797,2017-10-24,,8,2018-01-09,,
219,tt5180504,2019-12-20,2019-12-20,,The Witcher,The Witcher,https://www.imdb.com/title/tt5180504/,TV Series,7.8,60,2019,"Action, Adventure, Drama, Fantasy, Mystery",623742,2019-12-20,,3,2019-12-20,,
220,tt3967878,2020-01-01,2020-01-01,,Illang: The Wolf Brigade,Inrang,https://www.imdb.com/title/tt3967878/,Movie,6.0,139,2018,"Action, Drama, Sci-Fi, Thriller",6130,2018-10-19,Kim Jee-woon,6,2020-01-01,,
221,tt0241527,2020-01-01,2020-01-01,,Harry Potter and the Sorcerer's Stone,Harry Potter and the Sorcerer's Stone,https://www.imdb.com/title/tt0241527/,Movie,7.7,152,2001,"Adventure, Family, Fantasy",962154,2001-11-16,Chris Columbus,9,2020-01-01,,
222,tt0295297,2020-01-01,2020-01-01,,Harry Potter and the Chamber of Secrets,Harry Potter and the Chamber of Secrets,https://www.imdb.com/title/tt0295297/,Movie,7.5,161,2002,"Adventure, Family, Fantasy, Mystery",774446,2002-11-15,Chris Columbus,9,2020-01-01,,
223,tt0304141,2020-01-01,2020-01-01,,Harry Potter and the Prisoner of Azkaban,Harry Potter and the Prisoner of Azkaban,https://www.imdb.com/title/tt0304141/,Movie,7.9,142,2004,"Adventure, Family, Fantasy, Mystery",775520,2004-06-04,Alfonso Cuarón,9,2020-01-01,,
224,tt0330373,2020-01-01,2020-01-01,,Harry Potter and the Goblet of Fire,Harry Potter and the Goblet of Fire,https://www.imdb.com/title/tt0330373/,Movie,7.7,157,2005,"Adventure, Family, Fantasy, Mystery",761797,2005-11-18,Mike Newell,8,2020-01-01,,
225,tt0373889,2020-01-01,2020-01-01,,Harry Potter and the Order of the Phoenix,Harry Potter and the Order of the Phoenix,https://www.imdb.com/title/tt0373889/,Movie,7.5,138,2007,"Adventure, Family, Fantasy, Mystery",708590,2007-07-11,David Yates,7,2020-01-01,,
226,tt0417741,2020-01-01,2020-01-01,,Harry Potter and the Half-Blood Prince,Harry Potter and the Half-Blood Prince,https://www.imdb.com/title/tt0417741/,Movie,7.6,153,2009,"Adventure, Family, Fantasy, Mystery",668007,2009-07-15,David Yates,7,2020-01-01,,
227,tt0926084,2020-01-01,2020-01-01,,Harry Potter and the Deathly Hallows: Part 1,Harry Potter and the Deathly Hallows: Part 1,https://www.imdb.com/title/tt0926084/,Movie,7.7,146,2010,"Adventure, Family, Fantasy, Mystery",672349,2010-11-19,David Yates,8,2020-01-01,,
228,tt1201607,2020-01-01,2020-01-01,,Harry Potter and the Deathly Hallows: Part 2,Harry Potter and the Deathly Hallows: Part 2,https://www.imdb.com/title/tt1201607/,Movie,8.1,130,2011,"Adventure, Family, Fantasy, Mystery",1058870,2011-07-15,David Yates,8,2020-01-01,,
229,tt5420376,2020-01-01,2020-01-01,,Riverdale,Riverdale,https://www.imdb.com/title/tt5420376/,TV Series,6.4,45,2017,"Crime, Drama, Mystery, Romance",166918,2017-01-26,,6,2020-01-01,,
230,tt5592878,2020-01-01,2020-01-01,,Errementari,Errementari,https://www.imdb.com/title/tt5592878/,Movie,6.4,98,2017,"Fantasy, Horror",14929,2018-10-12,Paul Urkijo Alijo,5,2020-01-01,,
231,tt9139220,2020-01-12,2020-01-12,,Dracula,Dracula,https://www.imdb.com/title/tt9139220/,TV Mini Series,6.8,90,2020,"Action, Drama, Fantasy, Horror, Thriller",58221,2020-01-04,,4,2020-01-12,,
232,tt10732794,2020-01-18,2020-01-18,,The King's Avatar,Quanzhi Gaoshou,https://www.imdb.com/title/tt10732794/,TV Series,8.1,45,2019,"Action, Adventure",1952,2019-07-24,,10,2020-01-18,,
233,tt2548396,2020-01-20,2020-01-20,,The Cloverfield Paradox,The Cloverfield Paradox,https://www.imdb.com/title/tt2548396/,Movie,5.5,102,2018,"Horror, Sci-Fi, Thriller",122294,2018-02-04,Julius Onah,4,2020-01-20,,
234,tt3201640,2020-02-01,2020-02-01,,Extinction,Extinction,https://www.imdb.com/title/tt3201640/,Movie,5.8,95,2018,"Action, Drama, Sci-Fi, Thriller",62781,2018-07-27,Ben Young,5,2020-02-01,,
235,tt3469052,2020-02-04,2020-02-04,,My Love from Another Star,Byeoleseo on Geudae,https://www.imdb.com/title/tt3469052/,TV Series,8.1,60,2013,"Comedy, Drama, Fantasy, Romance, Sci-Fi",19949,2013-12-17,,6,2020-02-16,,
236,tt6751668,2020-03-01,2020-03-01,,Parasite,Gisaengchung,https://www.imdb.com/title/tt6751668/,Movie,8.5,132,2019,"Drama, Thriller",1188095,2019-11-08,Bong Joon Ho,7,2020-03-01,,
237,tt9466990,2020-03-01,2020-03-01,,Touch Your Heart,Jinsimi Dadda,https://www.imdb.com/title/tt9466990/,TV Series,7.6,60,2019,"Comedy, Drama, Romance",6282,2019-01-15,,5,2020-03-01,,
238,tt2261227,2020-03-08,2020-03-08,,Altered Carbon,Altered Carbon,https://www.imdb.com/title/tt2261227/,TV Series,7.9,60,2018,"Action, Adventure, Drama, Sci-Fi",203752,2018-02-02,,8,2020-03-08,,
239,tt1075419,2020-05-04,2020-05-04,,Shinjuku Incident,Xin Su shi jian,https://www.imdb.com/title/tt1075419/,Movie,6.9,119,2009,"Action, Crime, Drama",14615,2009-04-02,Derek Tung-Sing Yee,2,2020-05-04,,
240,tt8865546,2020-05-08,2020-05-08,,Karakomik Filmler: Kaçamak,Karakomik Filmler: Kaçamak,https://www.imdb.com/title/tt8865546/,Movie,5.5,60,2019,"Adventure, Comedy, Fantasy, Mystery, Sci-Fi",11518,2019-10-18,Cem Yılmaz,8,2020-05-08,,
241,tt8456098,2020-05-08,2020-05-08,,Karakomik Filmler: 2 Arada,Karakomik Filmler: 2 Arada,https://www.imdb.com/title/tt8456098/,Movie,6.4,60,2019,"Comedy, Drama",14622,2020-08-28,Cem Yılmaz,8,2020-05-08,,
242,tt10262630,2020-05-09,2020-05-09,,Extracurricular,Extracurricular,https://www.imdb.com/title/tt10262630/,TV Series,7.5,50,2020,"Crime, Drama",12191,2020-04-29,,7,2020-05-09,,
243,tt9561862,2020-05-12,2020-05-12,,"Love, Death & Robots","Love, Death & Robots",https://www.imdb.com/title/tt9561862/,TV Series,8.4,15,2019,"Animation, Short, Action, Adventure, Comedy, Drama, Fantasy, Horror, Mystery, Sci-Fi, Thriller",231859,2019-03-15,,8,2020-05-12,,
244,tt1190634,2020-05-13,2020-05-13,,The Boys,The Boys,https://www.imdb.com/title/tt1190634/,TV Series,8.5,60,2019,"Action, Comedy, Crime, Drama, Sci-Fi",1019030,2019-07-26,,9,2020-11-07,,
245,tt6903284,2020-05-31,2020-05-31,,Nightflyers,Nightflyers,https://www.imdb.com/title/tt6903284/,TV Series,5.9,60,2018,"Drama, Horror, Mystery, Sci-Fi, Thriller",14790,2018-12-02,,2,2020-06-07,,
246,tt1051220,2020-05-31,2020-05-31,,The Shannara Chronicles,The Shannara Chronicles,https://www.imdb.com/title/tt1051220/,TV Series,7.1,42,2016,"Adventure, Drama, Fantasy, Horror",66475,2016-01-05,,4,2020-08-22,,
247,tt4269776,2020-06-11,2020-06-11,,Birth of a Beauty,Birth of a Beauty,https://www.imdb.com/title/tt4269776/,TV Series,6.8,60,2014,"Comedy, Romance",1581,2014-11-01,,4,2020-06-15,,
248,tt4815122,2020-08-22,2020-08-22,,Time Trap,Time Trap,https://www.imdb.com/title/tt4815122/,Movie,6.2,87,2017,"Action, Adventure, Mystery, Sci-Fi",50483,2018-11-02,"Mark Dennis, Ben Foster",4,2020-08-22,,
249,tt3416742,2020-11-04,2020-11-04,,What We Do in the Shadows,What We Do in the Shadows,https://www.imdb.com/title/tt3416742/,Movie,7.6,86,2014,"Comedy, Horror, Thriller",215233,2015-02-13,"Jemaine Clement, Taika Waititi",8,2020-11-04,,
250,tt7908628,2020-11-04,2020-11-04,,What We Do in the Shadows,What We Do in the Shadows,https://www.imdb.com/title/tt7908628/,TV Series,8.5,30,2019,"Comedy, Fantasy, Horror",128633,2019-03-27,,8,2020-11-04,,
251,tt9777666,2021-07-22,2021-07-22,,The Tomorrow War,The Tomorrow War,https://www.imdb.com/title/tt9777666/,Movie,6.6,138,2021,"Action, Adventure, Drama, Sci-Fi, Thriller",256828,2021-07-02,Chris McKay,4,2021-07-22,,
252,tt4955642,2021-08-16,2021-08-16,,The Good Place,The Good Place,https://www.imdb.com/title/tt4955642/,TV Series,8.2,22,2016,"Comedy, Drama, Fantasy, Mystery, Romance",223964,2016-09-19,,8,2021-08-16,,
253,tt5308322,2021-08-22,2021-08-22,,Happy Death Day,Happy Death Day,https://www.imdb.com/title/tt5308322/,Movie,6.6,96,2017,"Comedy, Horror, Mystery, Thriller",188362,2017-10-13,Christopher Landon,5,2021-08-22,,
254,tt7638348,2021-08-22,2021-08-22,,Boss Level,Boss Level,https://www.imdb.com/title/tt7638348/,Movie,6.8,100,2020,"Action, Adventure, Comedy, Mystery, Sci-Fi, Thriller",91414,2021-03-05,Joe Carnahan,6,2021-08-22,,
255,tt10888878,2021-09-01,2021-09-01,,Clickbait,Clickbait,https://www.imdb.com/title/tt10888878/,TV Mini Series,7.2,50,2021,"Crime, Drama, Mystery, Thriller",68206,2021-08-25,,5,2021-09-01,,
256,tt8368406,2021-09-03,2021-09-03,,Vivarium,Vivarium,https://www.imdb.com/title/tt8368406/,Movie,5.8,97,2019,"Horror, Mystery, Sci-Fi",94840,2020-03-27,Lorcan Finnegan,3,2021-09-03,,
257,tt8760932,2021-09-05,2021-09-05,,Nine Perfect Strangers,Nine Perfect Strangers,https://www.imdb.com/title/tt8760932/,TV Series,6.9,50,2021,"Drama, Mystery, Thriller",75289,2021-08-18,,2,2021-09-05,,
258,tt6334354,2021-09-08,2021-09-08,,The Suicide Squad,The Suicide Squad,https://www.imdb.com/title/tt6334354/,Movie,7.2,132,2021,"Action, Adventure, Comedy, Sci-Fi",463995,2021-08-05,James Gunn,8,2021-09-08,,
259,tt0448115,2021-09-13,2021-09-13,,Shazam!,Shazam!,https://www.imdb.com/title/tt0448115/,Movie,7.0,132,2019,"Action, Adventure, Comedy, Fantasy",417258,2019-04-05,David F. Sandberg,5,2021-09-13,,
260,tt6320628,2021-09-13,2021-09-13,,Spider-Man: Far from Home,Spider-Man: Far from Home,https://www.imdb.com/title/tt6320628/,Movie,7.3,129,2019,"Action, Adventure, Comedy, Fantasy, Sci-Fi",668119,2019-07-02,Jon Watts,8,2021-09-13,,
261,tt4633694,2021-09-14,2021-09-14,,Spider-Man: Into the Spider-Verse,Spider-Man: Into the Spider-Verse,https://www.imdb.com/title/tt4633694/,Movie,8.4,117,2018,"Animation, Action, Adventure, Family, Fantasy, Sci-Fi",810172,2018-12-14,"Bob Persichetti, Peter Ramsey, Rodney Rothman",6,2021-09-20,,
262,tt14193896,2021-09-19,2021-09-19,,Method,Metot,https://www.imdb.com/title/tt14193896/,TV Series,8.0,30,2021,"Drama, Mystery",1814,2021-04-07,,9,2021-09-19,,
263,tt14344266,2021-09-20,2021-09-20,,Running Errands,Ayak Isleri,https://www.imdb.com/title/tt14344266/,TV Series,8.4,30,2021,"Action, Comedy",7502,2021-05-12,,8,2021-09-20,,
264,tt6264654,2021-09-25,2021-09-25,,Free Guy,Free Guy,https://www.imdb.com/title/tt6264654/,Movie,7.1,115,2021,"Action, Adventure, Comedy, Fantasy, Romance, Sci-Fi",495463,2021-08-13,Shawn Levy,8,2021-09-25,,
265,tt7529770,2021-09-30,2021-09-30,,Miracle Workers,Miracle Workers,https://www.imdb.com/title/tt7529770/,TV Series,7.1,22,2019,"Comedy, Drama, Fantasy, Romance",21514,2019-02-08,,7,2025-12-20,,
266,tt9184994,2021-10-07,2021-10-07,,How to Sell Drugs Online (Fast),How to Sell Drugs Online (Fast),https://www.imdb.com/title/tt9184994/,TV Series,7.7,30,2019,"Comedy, Crime, Drama, Romance",47781,2019-05-31,,6,2021-10-07,,
267,tt11286314,2021-12-26,2021-12-26,,Don't Look Up,Don't Look Up,https://www.imdb.com/title/tt11286314/,Movie,7.1,138,2021,"Comedy, Drama, Sci-Fi",678446,2021-12-24,Adam McKay,9,2021-12-26,,
268,tt16022170,2022-01-02,2022-01-02,,500T,500T,https://www.imdb.com/title/tt16022170/,TV Mini Series,6.6,25,2021,"Comedy, Mystery",169,2021-11-11,,7,2022-01-02,,
269,tt13728634,2022-01-07,2022-01-07,,Therapist,Terapist,https://www.imdb.com/title/tt13728634/,TV Series,7.1,15,2021,"Crime, Drama, Mystery, Thriller",1413,2021-01-01,,8,2022-01-07,,
270,tt9032400,2022-01-12,2022-01-12,,Eternals,Eternals,https://www.imdb.com/title/tt9032400/,Movie,6.2,156,2021,"Action, Adventure, Fantasy, Sci-Fi",434241,2021-11-05,Chloé Zhao,5,2022-01-12,,
271,tt13443470,2022-12-04,2022-12-04,,Wednesday,Wednesday,https://www.imdb.com/title/tt13443470/,TV Series,8.0,45,2022,"Comedy, Crime, Fantasy, Horror, Mystery",506499,2022-11-23,,9,2022-12-04,,
272,tt21029674,2022-12-04,2022-12-04,,Crinicals,Cezailer,https://www.imdb.com/title/tt21029674/,TV Series,7.2,45,2022,Drama,604,2022-09-29,,9,2022-12-04,,
273,tt16350094,2022-12-05,2022-12-05,,Diabolical,The Boys Presents: Diabolical,https://www.imdb.com/title/tt16350094/,TV Mini Series,6.8,14,2022,"Animation, Short, Action, Adventure, Comedy, Drama, Sci-Fi",20663,2022-03-04,,7,2022-12-05,,
274,tt9140554,2022-12-05,2022-12-05,,Loki,Loki,https://www.imdb.com/title/tt9140554/,TV Series,8.2,50,2021,"Action, Adventure, Fantasy, Sci-Fi",481848,2021-06-09,,7,2022-12-05,,
275,tt7826376,2022-12-05,2022-12-05,,Upload,Upload,https://www.imdb.com/title/tt7826376/,TV Series,7.7,30,2020,"Comedy, Mystery, Sci-Fi",91036,2020-05-01,,7,2022-12-05,,
276,tt5774002,2022-12-05,2022-12-05,,Jupiter's Legacy,Jupiter's Legacy,https://www.imdb.com/title/tt5774002/,TV Series,6.7,56,2021,"Action, Adventure, Drama, Fantasy, Sci-Fi",42998,2021-05-07,,5,2022-12-05,,
277,tt0385700,2023-01-05,2023-01-05,,Final Fantasy VII: Advent Children,Fainaru fantajî sebun adobento chirudoren,https://www.imdb.com/title/tt0385700/,Movie,7.1,101,2005,"Animation, Action, Adventure, Fantasy, Sci-Fi",59883,2024-02-21,"Tetsuya Nomura, Takeshi Nozue",9,2023-01-05,,
278,tt9198364,2023-02-19,2023-02-19,,Three Thousand Years of Longing,Three Thousand Years of Longing,https://www.imdb.com/title/tt9198364/,Movie,6.7,108,2022,"Drama, Fantasy, Romance",73592,2022-08-26,George Miller,6,2023-02-19,,
279,tt5834426,2023-06-15,2023-06-15,,Moonfall,Moonfall,https://www.imdb.com/title/tt5834426/,Movie,5.2,130,2022,"Action, Adventure, Sci-Fi",115170,2022-02-04,Roland Emmerich,5,2023-06-15,,
280,tt5711280,2023-06-15,2023-06-15,,Electric Dreams,Electric Dreams,https://www.imdb.com/title/tt5711280/,TV Series,7.2,60,2017,"Drama, Sci-Fi",20538,2018-01-12,,7,2023-06-15,,
281,tt10366206,2023-06-15,2023-06-15,,John Wick: Chapter 4,John Wick: Chapter 4,https://www.imdb.com/title/tt10366206/,Movie,7.6,169,2023,"Action, Crime, Thriller",417826,2023-03-24,Chad Stahelski,7,2023-06-15,,
282,tt2911666,2023-06-15,2023-06-15,,John Wick,John Wick,https://www.imdb.com/title/tt2911666/,Movie,7.5,101,2014,"Action, Crime, Thriller",837696,2014-10-24,Chad Stahelski,7,2023-06-15,,
283,tt4425200,2023-06-15,2023-06-15,,John Wick: Chapter 2,John Wick: Chapter 2,https://www.imdb.com/title/tt4425200/,Movie,7.4,122,2017,"Action, Crime, Thriller",576889,2017-02-10,Chad Stahelski,7,2023-06-15,,
284,tt6146586,2023-06-15,2023-06-15,,John Wick: Chapter 3 - Parabellum,John Wick: Chapter 3 - Parabellum,https://www.imdb.com/title/tt6146586/,Movie,7.4,130,2019,"Action, Crime, Thriller",486441,2019-05-17,Chad Stahelski,7,2023-06-15,,
285,tt4229228,2023-06-15,2023-06-15,,Ren,Ren: The Girl with the Mark,https://www.imdb.com/title/tt4229228/,TV Series,6.8,10,2016,"Action, Adventure, Drama, Fantasy",477,2016-03-01,,6,2023-06-15,,
286,tt21385728,2023-06-16,2023-06-16,,Illegal Lives,Illegal Hayatlar,https://www.imdb.com/title/tt21385728/,Movie,6.2,105,2023,Comedy,7905,2023-01-13,Cenk Çelik,7,2023-06-16,,
287,tt1464335,2023-06-18,2023-06-18,,Uncharted,Uncharted,https://www.imdb.com/title/tt1464335/,Movie,6.3,116,2022,"Action, Adventure",306191,2022-02-18,Ruben Fleischer,6,2023-06-18,,
288,tt7985704,2023-06-19,2023-06-19,,Operation Fortune: Ruse de Guerre,Operation Fortune: Ruse de Guerre,https://www.imdb.com/title/tt7985704/,Movie,6.3,114,2023,"Action, Adventure, Comedy, Thriller",112723,2023-03-03,Guy Ritchie,7,2023-06-19,,
289,tt0439572,2023-07-21,2023-07-21,,The Flash,The Flash,https://www.imdb.com/title/tt0439572/,Movie,6.6,144,2023,"Action, Adventure, Fantasy, Sci-Fi",251080,2023-06-16,Andy Muschietti,7,2023-07-21,,
290,tt15671028,2024-02-17,2024-02-17,,No Hard Feelings,No Hard Feelings,https://www.imdb.com/title/tt15671028/,Movie,6.3,103,2023,"Comedy, Romance",220767,2023-06-23,Gene Stupnitsky,5,2024-02-17,,
291,tt26225038,2024-02-20,2024-02-20,,Death's Game,"Yijae, Got Jookseummida",https://www.imdb.com/title/tt26225038/,TV Series,8.4,60,2023,"Drama, Fantasy, Horror",25321,2023-12-15,,8,2024-02-20,,
292,tt26628595,2024-02-20,2024-02-20,,Marry My Husband,Nae Nampyeongwa Gyeolhonhaejweo,https://www.imdb.com/title/tt26628595/,TV Series,7.8,60,2024,"Comedy, Drama, Fantasy, Romance",12427,2024-01-01,,7,2024-02-20,,
293,tt9018736,2024-02-26,2024-02-26,,Avatar: The Last Airbender,Avatar: The Last Airbender,https://www.imdb.com/title/tt9018736/,TV Series,7.1,55,2024,"Action, Adventure, Comedy, Drama, Family, Fantasy, Mystery",92780,2024-02-22,,7,2024-02-26,,
294,tt9362722,2024-03-13,2024-03-13,,Spider-Man: Across the Spider-Verse,Spider-Man: Across the Spider-Verse,https://www.imdb.com/title/tt9362722/,Movie,8.5,140,2023,"Animation, Action, Adventure, Family, Fantasy, Sci-Fi",546632,2023-06-02,"Joaquim Dos Santos, Kemp Powers, Justin K. Thompson",2,2024-03-13,,
295,tt13016388,2024-03-27,2024-03-27,,3 Body Problem,3 Body Problem,https://www.imdb.com/title/tt13016388/,TV Series,7.5,60,2024,"Adventure, Drama, Fantasy, Mystery, Sci-Fi",184008,2024-03-21,,9,2024-03-27,,
296,tt2194499,2024-07-26,2024-07-26,,About Time,About Time,https://www.imdb.com/title/tt2194499/,Movie,7.8,123,2013,"Comedy, Drama, Fantasy, Romance, Sci-Fi",440182,2013-11-08,Richard Curtis,6,2024-07-26,,
297,tt0119081,2024-07-30,2024-07-30,,Event Horizon,Event Horizon,https://www.imdb.com/title/tt0119081/,Movie,6.6,96,1997,"Horror, Sci-Fi, Thriller",216885,1997-08-15,Paul W.S. Anderson,5,2024-07-30,,
298,tt0178043,2024-08-11,2024-08-11,,Stranger Than Fiction,Stranger Than Fiction,https://www.imdb.com/title/tt0178043/,Movie,6.1,90,2000,"Thriller, Comedy",1436,2001-05-19,Eric Bross,5,2024-08-11,,
299,tt0124298,2024-08-11,2024-08-11,,Blast from the Past,Blast from the Past,https://www.imdb.com/title/tt0124298/,Movie,6.7,112,1999,"Comedy, Drama, Romance, Sci-Fi",78200,1999-02-12,Hugh Wilson,6,2024-08-11,,
300,tt0177789,2024-08-11,2024-08-11,,Galaxy Quest,Galaxy Quest,https://www.imdb.com/title/tt0177789/,Movie,7.4,102,1999,"Adventure, Comedy, Sci-Fi",192934,1999-12-25,Dean Parisot,7,2024-08-11,,
301,tt26940324,2024-08-17,2024-08-17,,Jackpot!,Jackpot!,https://www.imdb.com/title/tt26940324/,Movie,5.8,106,2024,"Action, Comedy",35480,2024-08-15,Paul Feig,7,2024-08-17,,
302,tt15744298,2024-08-21,2024-08-21,,Freelance,Freelance,https://www.imdb.com/title/tt15744298/,Movie,5.6,108,2023,"Action, Adventure, Comedy, Thriller",30034,2023-10-27,Pierre Morel,6,2024-08-21,,
303,tt1660648,2024-08-21,2024-08-21,,Ricky Stanicky,Ricky Stanicky,https://www.imdb.com/title/tt1660648/,Movie,6.2,113,2024,Comedy,63304,2024-03-07,Peter Farrelly,5,2024-08-21,,
304,tt9813792,2024-11-27,2024-11-27,,From,From,https://www.imdb.com/title/tt9813792/,TV Series,7.8,52,2022,"Drama, Horror, Mystery, Sci-Fi, Thriller",204261,2022-02-20,,8,2024-11-27,,
305,tt16283758,2024-11-27,2024-11-27,,Supacell,Supacell,https://www.imdb.com/title/tt16283758/,TV Series,7.0,60,2024,"Action, Adventure, Drama, Sci-Fi",22191,2024-06-27,,3,2024-11-27,,
306,tt5783956,2024-11-29,2024-11-29,,When We First Met,When We First Met,https://www.imdb.com/title/tt5783956/,Movie,6.4,97,2018,"Comedy, Fantasy, Romance",57507,2018-02-09,Ari Sandel,6,2024-11-29,,
307,tt1385826,2024-12-01,2024-12-01,,The Adjustment Bureau,The Adjustment Bureau,https://www.imdb.com/title/tt1385826/,Movie,7.0,106,2011,"Crime, Drama, Mystery, Romance, Sci-Fi, Thriller",284488,2011-03-04,George Nolfi,7,2024-12-01,,
308,tt33204697,2024-12-12,2024-12-12,,Secret Level,Secret Level,https://www.imdb.com/title/tt33204697/,TV Series,7.3,15,2024,"Animation, Short, Action, Adventure, Fantasy, Sci-Fi",32397,2024-12-10,,8,2025-01-02,,
309,tt6263850,2024-12-23,2024-12-23,,Deadpool & Wolverine,Deadpool & Wolverine,https://www.imdb.com/title/tt6263850/,Movie,7.5,128,2024,"Action, Adventure, Comedy, Sci-Fi",587915,2024-07-26,Shawn Levy,8,2024-12-23,,
310,tt0800039,2025-01-24,2025-01-24,,Forgetting Sarah Marshall,Forgetting Sarah Marshall,https://www.imdb.com/title/tt0800039/,Movie,7.1,111,2008,"Comedy, Drama, Romance",321685,2008-04-18,Nicholas Stoller,7,2025-01-24,,
311,tt0815236,2025-01-26,2025-01-26,,She's Out of My League,She's Out of My League,https://www.imdb.com/title/tt0815236/,Movie,6.4,104,2010,"Comedy, Romance",154218,2010-03-12,Jim Field Smith,4,2025-01-26,,
312,tt15314262,2025-02-10,2025-02-10,,The Beekeeper,The Beekeeper,https://www.imdb.com/title/tt15314262/,Movie,6.3,105,2024,"Action, Crime, Thriller",184612,2024-01-12,David Ayer,6,2025-02-10,,
313,tt5500218,2025-02-10,2025-02-10,,Samaritan,Samaritan,https://www.imdb.com/title/tt5500218/,Movie,5.7,102,2022,"Action, Drama, Fantasy, Sci-Fi",62032,2022-08-26,Julius Avery,2,2025-02-10,,
314,tt5177120,2025-02-16,2025-02-16,,The Ministry of Ungentlemanly Warfare,The Ministry of Ungentlemanly Warfare,https://www.imdb.com/title/tt5177120/,Movie,6.8,122,2024,"Action, Comedy, War",165940,2024-04-19,Guy Ritchie,7,2025-02-16,,
315,tt1483013,2025-02-21,2025-02-21,,Oblivion,Oblivion,https://www.imdb.com/title/tt1483013/,Movie,7.0,124,2013,"Action, Adventure, Sci-Fi",589664,2013-04-19,Joseph Kosinski,8,2025-02-21,,
316,tt1853728,2025-02-22,2025-02-22,,Django Unchained,Django Unchained,https://www.imdb.com/title/tt1853728/,Movie,8.5,165,2012,"Drama, Western",1906577,2012-12-25,Quentin Tarantino,8,2025-02-22,,
317,tt2283362,2025-03-08,2025-03-08,,Jumanji: Welcome to the Jungle,Jumanji: Welcome to the Jungle,https://www.imdb.com/title/tt2283362/,Movie,6.9,119,2017,"Action, Adventure, Comedy, Fantasy",509897,2017-12-20,Jake Kasdan,5,2025-03-08,,
318,tt1160419,2025-03-21,2025-03-21,,Dune: Part One,Dune: Part One,https://www.imdb.com/title/tt1160419/,Movie,8.0,155,2021,"Action, Adventure, Drama, Sci-Fi",1084533,2021-10-22,Denis Villeneuve,5,2025-03-21,,
319,tt1442437,2025-05-25,2025-05-25,,Modern Family,Modern Family,https://www.imdb.com/title/tt1442437/,TV Series,8.5,22,2009,"Comedy, Drama, Romance",545387,2009-09-23,,8,2025-05-25,,
320,tt1075417,2025-05-25,2025-05-25,,Race to Witch Mountain,Race to Witch Mountain,https://www.imdb.com/title/tt1075417/,Movie,5.7,98,2009,"Action, Adventure, Family, Fantasy, Sci-Fi, Thriller",66715,2009-03-13,Andy Fickman,5,2025-05-25,,
321,tt0314979,2025-06-16,2025-06-16,,Battlestar Galactica,Battlestar Galactica,https://www.imdb.com/title/tt0314979/,TV Mini Series,8.5,90,2003,"Action, Adventure, Drama, Sci-Fi",85548,2003-12-08,,8,2025-06-16,,
322,tt0387808,2025-06-27,2025-06-27,,Idiocracy,Idiocracy,https://www.imdb.com/title/tt0387808/,Movie,6.5,84,2006,"Adventure, Comedy, Sci-Fi, Thriller",220310,2007-01-25,Mike Judge,10,2025-06-27,,
323,tt1010044,2025-07-06,2025-07-06,,Le sacre de l'homme,Le sacre de l'homme,https://www.imdb.com/title/tt1010044/,TV Movie,7.3,105,2007,Documentary,140,2007-04-10,Jacques Malaterre,8,2025-07-06,,
324,tt0840800,2025-08-08,2025-08-08,,Battlestar Galactica: The Resistance,Battlestar Galactica: The Resistance,https://www.imdb.com/title/tt0840800/,TV Mini Series,7.8,26,2006,"Short, Drama, Sci-Fi",11210,2006-09-05,,6,2025-08-08,,
325,tt13186306,2025-08-12,2025-08-12,,War of the Worlds,War of the Worlds,https://www.imdb.com/title/tt13186306/,Movie,2.5,91,2025,"Action, Adventure, Sci-Fi, Thriller",34459,2025-07-30,Rich Lee,6,2025-08-12,,
326,tt0991178,2025-09-09,2025-09-09,,Battlestar Galactica: Razor,Battlestar Galactica: Razor,https://www.imdb.com/title/tt0991178/,TV Movie,7.6,101,2007,"Action, Drama, Sci-Fi, Thriller",25342,2007-11-24,Félix Enríquez Alcalá,6,2025-09-09,,
327,tt1334430,2025-09-14,2025-09-14,,Battlestar Galactica: Razor Flashbacks,Battlestar Galactica: Razor Flashbacks,https://www.imdb.com/title/tt1334430/,TV Mini Series,7.5,20,2007,"Short, Sci-Fi",3542,2007-10-05,,6,2025-09-14,,
328,tt1338724,2025-09-25,2025-09-25,,Battlestar Galactica: The Face of the Enemy,Battlestar Galactica: The Face of the Enemy,https://www.imdb.com/title/tt1338724/,TV Mini Series,7.5,3,2008,"Short, Drama, Sci-Fi",4086,2008-12-12,,7,2025-09-25,,
329,tt1286130,2025-09-28,2025-09-28,,Battlestar Galactica: The Plan,The Plan,https://www.imdb.com/title/tt1286130/,Video,7.0,112,2009,"Action, Adventure, Drama, Romance, Sci-Fi",22214,2009-10-27,Edward James Olmos,6,2025-09-28,,
330,tt0407362,2025-10-07,2025-10-07,,Battlestar Galactica,Battlestar Galactica,https://www.imdb.com/title/tt0407362/,TV Series,8.7,45,2004,"Action, Adventure, Drama, Sci-Fi",188051,2005-01-14,,8,2025-10-07,,
331,tt10234362,2025-10-29,2025-10-29,,Avenue 5,Avenue 5,https://www.imdb.com/title/tt10234362/,TV Series,6.7,30,2020,"Comedy, Sci-Fi",25483,2020-01-19,,8,2025-10-29,,
332,tt7529770,2025-12-20,2025-12-20,,Miracle Workers,Miracle Workers,https://www.imdb.com/title/tt7529770/,TV Series,7.1,22,2019,"Comedy, Drama, Fantasy, Romance",21514,2019-02-08,,7,2025-12-20,,
333,tt19265084,2026-01-10,2026-01-10,,Takeshi's Castle,Fûun! Takeshi Jô,https://www.imdb.com/title/tt19265084/,TV Series,6.7,60,2023,"Action, Adventure, Comedy, Game-Show, Reality-TV",602,2023-04-21,,6,2026-01-10,,
334,tt13675832,2026-03-22,2026-03-22,,As If,Gibi,https://www.imdb.com/title/tt13675832/,TV Series,9.0,30,2021,Comedy,37348,2021-01-01,,10,2026-03-10,,
335,tt0151804,2026-05-06,2026-05-06,,Office Space,Office Space,https://www.imdb.com/title/tt0151804/,Movie,7.6,89,1999,Comedy,311054,1999-02-19,Mike Judge,7,2026-05-06,,
336,tt12299608,2026-05-08,2026-05-08,,Mickey 17,Mickey 17,https://www.imdb.com/title/tt12299608/,Movie,6.7,137,2025,"Adventure, Comedy, Fantasy, Sci-Fi",258573,2025-03-07,Bong Joon Ho,7,2026-05-08,,
337,tt1564367,2026-05-16,2026-05-16,,Just Go with It,Just Go with It,https://www.imdb.com/title/tt1564367/,Movie,6.4,117,2011,"Comedy, Romance",293338,2011-02-11,Dennis Dugan,5,2026-08-08,,
338,tt31050594,2026-08-08,2026-08-08,,Mercy,Mercy,https://www.imdb.com/title/tt31050594/,Movie,6.2,99,2026,"Action, Crime, Drama, Mystery, Sci-Fi, Thriller",79394,2026-01-23,Timur Bekmambetov,6,2026-08-08,,
339,tt37989803,2026-08-08,2026-08-08,,Revenge,Venganza,https://www.imdb.com/title/tt37989803/,Movie,5.5,103,2026,"Action, Crime, Thriller",2026,2026-04-17,Rodrigo Valdes,2,2026-08-08,,
340,tt12300742,2026-08-09,2026-08-09,,Bugonia,Bugonia,https://www.imdb.com/title/tt12300742/,Movie,7.4,118,2025,"Comedy, Crime, Sci-Fi, Thriller",218581,2025-10-31,Yorgos Lanthimos,7,2026-08-09,,
341,tt0120903,2026-08-15,2026-08-15,,X-Men,X-Men,https://www.imdb.com/title/tt0120903/,Movie,7.3,104,2000,"Action, Adventure, Sci-Fi",699487,2000-07-14,Bryan Singer,7,2026-08-15,,
342,tt0290334,2026-08-16,2026-08-16,,X2: X-Men United,X2,https://www.imdb.com/title/tt0290334/,Movie,7.4,134,2003,"Action, Sci-Fi, Thriller",616278,2003-05-02,Bryan Singer,7,2026-08-16,,
343,tt0376994,2026-08-16,2026-08-16,,X-Men: The Last Stand,X-Men: The Last Stand,https://www.imdb.com/title/tt0376994/,Movie,6.6,104,2006,"Action, Adventure, Sci-Fi",577267,2006-05-26,Brett Ratner,6,2026-08-16,,
344,tt0458339,2026-08-17,2026-08-17,,Captain America: The First Avenger,Captain America: The First Avenger,https://www.imdb.com/title/tt0458339/,Movie,6.9,124,2011,"Action, Adventure, Sci-Fi",982053,2011-07-22,Joe Johnston,5,2026-08-17,,
345,tt1270798,2026-08-18,2026-08-18,,X-Men: First Class,X: First Class,https://www.imdb.com/title/tt1270798/,Movie,7.7,131,2011,"Action, Sci-Fi",770301,2011-06-03,Matthew Vaughn,7,2026-08-18,,
